Logged started on,18/04/2024 16:03:11
Feature,Accelerometer
Nodes,BM2V220 @312948

Date,HostTimestamp,NodeName,NodeTimestamp,RawData,X (mg),Y (mg),Z (mg)
18/04/2024 17:00:52.850,3461833,BM2V220 @312948,369939,4AFF71017703,-182,369,887
18/04/2024 17:00:52.879,3461851,BM2V220 @312948,369945,37FF70017903,-201,368,889
18/04/2024 17:00:52.939,3461911,BM2V220 @312948,369951,11FF5F016003,-239,351,864
18/04/2024 17:00:53.000,3461972,BM2V220 @312948,369958,F0FE1B010203,-272,283,770
18/04/2024 17:00:53.029,3462001,BM2V220 @312948,369964,C9FE4F014803,-311,335,840
18/04/2024 17:00:53.090,3462062,BM2V220 @312948,369970,B6FED2002303,-330,210,803
18/04/2024 17:00:53.149,3462122,BM2V220 @312948,369976,49FEE8004903,-439,232,841
18/04/2024 17:00:53.179,3462151,BM2V220 @312948,369983,2EFE8A003703,-466,138,823
18/04/2024 17:00:53.240,3462213,BM2V220 @312948,369989,DAFD47007703,-550,71,887
18/04/2024 17:00:53.300,3462272,BM2V220 @312948,369995,C7FD5D005803,-569,93,856
18/04/2024 17:00:53.329,3462301,BM2V220 @312948,370001,97FDCBFF4B03,-617,-53,843
18/04/2024 17:00:53.389,3462361,BM2V220 @312948,370008,3DFD09003C04,-707,9,1084
18/04/2024 17:00:53.450,3462422,BM2V220 @312948,370014,D4FDC3FF0503,-556,-61,773
18/04/2024 17:00:53.479,3462451,BM2V220 @312948,370020,FAFDC6FFC302,-518,-58,707
18/04/2024 17:00:53.540,3462512,BM2V220 @312948,370026,6BFD65FFD103,-661,-155,977
18/04/2024 17:00:53.600,3462572,BM2V220 @312948,370033,BFFDCEFF3903,-577,-50,825
18/04/2024 17:00:53.629,3462601,BM2V220 @312948,370039,E9FDA6FF2E03,-535,-90,814
18/04/2024 17:00:53.690,3462662,BM2V220 @312948,370045,C2FD35008503,-574,53,901
18/04/2024 17:00:53.750,3462722,BM2V220 @312948,370051,74FD4BFF3C03,-652,-181,828
18/04/2024 17:00:53.779,3462751,BM2V220 @312948,370058,7BFDB4FF4603,-645,-76,838
18/04/2024 17:00:53.839,3462812,BM2V220 @312948,370064,6BFDD2FED803,-661,-302,984
18/04/2024 17:00:53.899,3462872,BM2V220 @312948,370070,C8FD7BFFD103,-568,-133,977
18/04/2024 17:00:53.929,3462901,BM2V220 @312948,370076,F0FD1C002104,-528,28,1057
18/04/2024 17:00:53.990,3462962,BM2V220 @312948,370083,4AFEE8FFA303,-438,-24,931
18/04/2024 17:00:54.050,3463022,BM2V220 @312948,370089,66FEC8FFAF03,-410,-56,943
18/04/2024 17:00:54.079,3463051,BM2V220 @312948,370095,B3FE5EFFEA02,-333,-162,746
18/04/2024 17:00:54.140,3463112,BM2V220 @312948,370101,8EFE4EFFB602,-370,-178,694
18/04/2024 17:00:54.230,3463202,BM2V220 @312948,370108,6AFEA2FE8402,-406,-350,644
18/04/2024 17:00:54.233,3463205,BM2V220 @312948,370114,1CFE5CFE6E02,-484,-420,622
18/04/2024 17:00:54.290,3463262,BM2V220 @312948,370120,DEFD22FE6202,-546,-478,610
18/04/2024 17:00:54.350,3463322,BM2V220 @312948,370126,80FD17FEA102,-640,-489,673
18/04/2024 17:00:54.378,3463350,BM2V220 @312948,370133,46FDE9FD9602,-698,-535,662
18/04/2024 17:00:54.439,3463412,BM2V220 @312948,370139,31FDEFFDB102,-719,-529,689
18/04/2024 17:00:54.500,3463472,BM2V220 @312948,370145,1BFD00FE7102,-741,-512,625
18/04/2024 17:00:54.529,3463501,BM2V220 @312948,370151,17FD46FE6402,-745,-442,612
18/04/2024 17:00:54.590,3463562,BM2V220 @312948,370158,0BFD1DFE6502,-757,-483,613
18/04/2024 17:00:54.650,3463622,BM2V220 @312948,370164,18FD40FE8D02,-744,-448,653
18/04/2024 17:00:54.679,3463652,BM2V220 @312948,370170,30FDA0FEA802,-720,-352,680
18/04/2024 17:00:54.740,3463712,BM2V220 @312948,370176,32FD3EFE0B02,-718,-450,523
18/04/2024 17:00:54.800,3463772,BM2V220 @312948,370183,1FFD59FE5802,-737,-423,600
18/04/2024 17:00:54.859,3463832,BM2V220 @312948,370189,53FD5CFE9202,-685,-420,658
18/04/2024 17:00:54.892,3463865,BM2V220 @312948,370195,54FDA1FEB302,-684,-351,691
18/04/2024 17:00:54.949,3463921,BM2V220 @312948,370201,67FDCAFEC602,-665,-310,710
18/04/2024 17:00:54.979,3463951,BM2V220 @312948,370208,4DFD3AFEED02,-691,-454,749
18/04/2024 17:00:55.039,3464011,BM2V220 @312948,370214,E2FC34FE3903,-798,-460,825
18/04/2024 17:00:55.101,3464073,BM2V220 @312948,370220,C4FC6AFE2803,-828,-406,808
18/04/2024 17:00:55.129,3464101,BM2V220 @312948,370226,BFFCC1FE6C03,-833,-319,876
18/04/2024 17:00:55.189,3464161,BM2V220 @312948,370233,4BFD71FF4903,-693,-143,841
18/04/2024 17:00:55.249,3464221,BM2V220 @312948,370239,D9FDBDFF0803,-551,-67,776
18/04/2024 17:00:55.279,3464251,BM2V220 @312948,370245,BEFE1F00B202,-322,31,690
18/04/2024 17:00:55.339,3464311,BM2V220 @312948,370251,D4FEED003C03,-300,237,828
18/04/2024 17:00:55.400,3464372,BM2V220 @312948,370258,F6FE2F013403,-266,303,820
18/04/2024 17:00:55.459,3464431,BM2V220 @312948,370264,D0FEA4012603,-304,420,806
18/04/2024 17:00:55.493,3464465,BM2V220 @312948,370270,F2FE8B01ED02,-270,395,749
18/04/2024 17:00:55.549,3464521,BM2V220 @312948,370276,0AFFB9023D03,-246,697,829
18/04/2024 17:00:55.579,3464551,BM2V220 @312948,370283,43FFCF016D03,-189,463,877
18/04/2024 17:00:55.638,3464611,BM2V220 @312948,370289,6DFF1B017403,-147,283,884
18/04/2024 17:00:55.700,3464672,BM2V220 @312948,370295,71FF7100BF03,-143,113,959
18/04/2024 17:00:55.728,3464700,BM2V220 @312948,370301,17FFE4FFF803,-233,-28,1016
18/04/2024 17:00:55.789,3464761,BM2V220 @312948,370308,9BFEFDFF9C03,-357,-3,924
18/04/2024 17:00:55.849,3464821,BM2V220 @312948,370314,DFFDE3FFE702,-545,-29,743
18/04/2024 17:00:55.878,3464850,BM2V220 @312948,370320,E9FBEC008905,-1047,236,1417
18/04/2024 17:00:55.939,3464911,BM2V220 @312948,370326,F0FDBE00EF02,-528,190,751
18/04/2024 17:00:56.000,3464972,BM2V220 @312948,370333,6FFDD9FF2603,-657,-39,806
18/04/2024 17:00:56.029,3465001,BM2V220 @312948,370339,0BFD3CFF6603,-757,-196,870
18/04/2024 17:00:56.089,3465061,BM2V220 @312948,370345,36FDFAFED803,-714,-262,984
18/04/2024 17:00:56.149,3465121,BM2V220 @312948,370351,85FDD7FE9803,-635,-297,920
18/04/2024 17:00:56.178,3465150,BM2V220 @312948,370358,C5FDB2FEA603,-571,-334,934
18/04/2024 17:00:56.239,3465211,BM2V220 @312948,370364,C5FDEDFE7303,-571,-275,883
18/04/2024 17:00:56.300,3465272,BM2V220 @312948,370370,BAFDA2FE8D03,-582,-350,909
18/04/2024 17:00:56.328,3465300,BM2V220 @312948,370376,DDFD7FFFAF03,-547,-129,943
18/04/2024 17:00:56.389,3465361,BM2V220 @312948,370383,77FEB8FE1903,-393,-328,793
18/04/2024 17:00:56.449,3465421,BM2V220 @312948,370389,79FE3BFF5D03,-391,-197,861
18/04/2024 17:00:56.478,3465451,BM2V220 @312948,370395,07FF1CFF7402,-249,-228,628
18/04/2024 17:00:56.539,3465511,BM2V220 @312948,370401,A3FF9BFFC401,-93,-101,452
18/04/2024 17:00:56.600,3465573,BM2V220 @312948,370408,93FF32014402,-109,306,580
18/04/2024 17:00:56.628,3465600,BM2V220 @312948,370414,AAFF5600AE02,-86,86,686
18/04/2024 17:00:56.689,3465661,BM2V220 @312948,370420,4BFFCF009303,-181,207,915
18/04/2024 17:00:56.749,3465721,BM2V220 @312948,370426,0AFFD0FF3004,-246,-48,1072
18/04/2024 17:00:56.778,3465751,BM2V220 @312948,370433,8FFE9000C104,-369,144,1217
18/04/2024 17:00:56.839,3465811,BM2V220 @312948,370439,9DFED1006C04,-355,209,1132
18/04/2024 17:00:56.900,3465872,BM2V220 @312948,370445,93FEBBFF4F04,-365,-69,1103
18/04/2024 17:00:56.928,3465900,BM2V220 @312948,370451,8FFED700D703,-369,215,983
18/04/2024 17:00:56.989,3465962,BM2V220 @312948,370458,64FEFB008503,-412,251,901
18/04/2024 17:00:57.049,3466021,BM2V220 @312948,370464,2AFEA7011503,-470,423,789
18/04/2024 17:00:57.079,3466051,BM2V220 @312948,370470,10FEEE014903,-496,494,841
18/04/2024 17:00:57.139,3466111,BM2V220 @312948,370476,D3FD7802EF02,-557,632,751
18/04/2024 17:00:57.200,3466172,BM2V220 @312948,370483,32FED7021E03,-462,727,798
18/04/2024 17:00:57.229,3466201,BM2V220 @312948,370489,2AFEDB01DF02,-470,475,735
18/04/2024 17:00:57.289,3466261,BM2V220 @312948,370495,2AFE6E02C502,-470,622,709
18/04/2024 17:00:57.349,3466321,BM2V220 @312948,370501,4DFE2F02B702,-435,559,695
18/04/2024 17:00:57.378,3466350,BM2V220 @312948,370508,25FE3702CC02,-475,567,716
18/04/2024 17:00:57.439,3466411,BM2V220 @312948,370514,02FE2302B102,-510,547,689
18/04/2024 17:00:57.500,3466472,BM2V220 @312948,370520,EEFD01020B03,-530,513,779
18/04/2024 17:00:57.528,3466500,BM2V220 @312948,370526,7BFD76015203,-645,374,850
18/04/2024 17:00:57.589,3466561,BM2V220 @312948,370533,46FDD8016503,-698,472,869
18/04/2024 17:00:57.649,3466621,BM2V220 @312948,370539,A6FDA6011303,-602,422,787
18/04/2024 17:00:57.679,3466651,BM2V220 @312948,370545,28FE9E01FA02,-472,414,762
18/04/2024 17:00:57.739,3466711,BM2V220 @312948,370551,32FF5B01C502,-206,347,709
18/04/2024 17:00:57.800,3466773,BM2V220 @312948,370558,C1FF9E01D102,-63,414,721
18/04/2024 17:00:57.828,3466801,BM2V220 @312948,370564,8EFFB4013F03,-114,436,831
18/04/2024 17:00:57.889,3466861,BM2V220 @312948,370570,A0FF8101C102,-96,385,705
18/04/2024 17:00:57.949,3466921,BM2V220 @312948,370576,A3FE7B026A03,-349,635,874
18/04/2024 17:00:57.979,3466951,BM2V220 @312948,370583,19FF69022404,-231,617,1060
18/04/2024 17:00:58.039,3467011,BM2V220 @312948,370589,7EFE9601A203,-386,406,930
18/04/2024 17:00:58.099,3467071,BM2V220 @312948,370595,20FE2E01E403,-480,302,996
18/04/2024 17:00:58.129,3467101,BM2V220 @312948,370601,2DFE2601BF03,-467,294,959
18/04/2024 17:00:58.189,3467161,BM2V220 @312948,370608,F1FD9F017D03,-527,415,893
18/04/2024 17:00:58.249,3467221,BM2V220 @312948,370614,62FE5F021604,-414,607,1046
18/04/2024 17:00:58.309,3467281,BM2V220 @312948,370620,3DFF13025603,-195,531,854
18/04/2024 17:00:58.339,3467311,BM2V220 @312948,370626,AAFFA3026802,-86,675,616
18/04/2024 17:00:58.400,3467372,BM2V220 @312948,370633,98FFD202F301,-104,722,499
18/04/2024 17:00:58.429,3467401,BM2V220 @312948,370639,8FFF1D02F801,-113,541,504
18/04/2024 17:00:58.489,3467461,BM2V220 @312948,370645,52FF9B02E701,-174,667,487
18/04/2024 17:00:58.549,3467521,BM2V220 @312948,370651,C6FE25024902,-314,549,585
18/04/2024 17:00:58.579,3467551,BM2V220 @312948,370658,54FE8E025202,-428,654,594
18/04/2024 17:00:58.639,3467611,BM2V220 @312948,370664,FFFD71029402,-513,625,660
18/04/2024 17:00:58.700,3467672,BM2V220 @312948,370670,EDFD4C02CE02,-531,588,718
18/04/2024 17:00:58.728,3467700,BM2V220 @312948,370676,E0FDD102B802,-544,721,696
18/04/2024 17:00:58.789,3467761,BM2V220 @312948,370683,F9FD2D02EB02,-519,557,747
18/04/2024 17:00:58.849,3467821,BM2V220 @312948,370689,F1FD8702A002,-527,647,672
18/04/2024 17:00:58.879,3467851,BM2V220 @312948,370695,C7FD7402D702,-569,628,727
18/04/2024 17:00:58.939,3467911,BM2V220 @312948,370701,05FE51029A02,-507,593,666
18/04/2024 17:00:59.000,3467972,BM2V220 @312948,370708,B9FD7A02B202,-583,634,690
18/04/2024 17:00:59.030,3468003,BM2V220 @312948,370714,B7FD6702F202,-585,615,754
18/04/2024 17:00:59.089,3468061,BM2V220 @312948,370720,D9FD37021B03,-551,567,795
18/04/2024 17:00:59.149,3468121,BM2V220 @312948,370726,3BFE3002EF02,-453,560,751
18/04/2024 17:00:59.179,3468151,BM2V220 @312948,370733,9DFE4102AC02,-355,577,684
18/04/2024 17:00:59.239,3468211,BM2V220 @312948,370739,ADFE45028102,-339,581,641
18/04/2024 17:00:59.300,3468273,BM2V220 @312948,370745,CEFED5026B02,-306,725,619
18/04/2024 17:00:59.330,3468302,BM2V220 @312948,370751,E2FED3023702,-286,723,567
18/04/2024 17:00:59.389,3468361,BM2V220 @312948,370758,CAFEEC023802,-310,748,568
18/04/2024 17:00:59.449,3468421,BM2V220 @312948,370764,CAFE1E032B02,-310,798,555
18/04/2024 17:00:59.479,3468451,BM2V220 @312948,370770,C3FE30032C02,-317,816,556
18/04/2024 17:00:59.539,3468511,BM2V220 @312948,370776,D5FE2A027B02,-299,554,635
18/04/2024 17:00:59.600,3468573,BM2V220 @312948,370783,D4FEAB027802,-300,683,632
18/04/2024 17:00:59.632,3468604,BM2V220 @312948,370789,DBFEDE016602,-293,478,614
18/04/2024 17:00:59.689,3468661,BM2V220 @312948,370795,C2FEEF01FD02,-318,495,765
18/04/2024 17:00:59.749,3468721,BM2V220 @312948,370801,96FEEB014A03,-362,491,842
18/04/2024 17:00:59.780,3468752,BM2V220 @312948,370808,91FEBC01A003,-367,444,928
18/04/2024 17:00:59.839,3468811,BM2V220 @312948,370814,7CFE8B018503,-388,395,901
18/04/2024 17:00:59.900,3468873,BM2V220 @312948,370820,C5FDAC021B04,-571,684,1051
18/04/2024 17:00:59.932,3468904,BM2V220 @312948,370826,FFFDB4010D03,-513,436,781
18/04/2024 17:00:59.989,3468961,BM2V220 @312948,370833,25FEC9014703,-475,457,839
18/04/2024 17:01:00.049,3469021,BM2V220 @312948,370839,FCFD07029203,-516,519,914
18/04/2024 17:01:00.079,3469051,BM2V220 @312948,370845,54FEEC01B803,-428,492,952
18/04/2024 17:01:00.139,3469111,BM2V220 @312948,370851,C8FE0902A403,-312,521,932
18/04/2024 17:01:00.200,3469172,BM2V220 @312948,370858,EDFEB8017503,-275,440,885
18/04/2024 17:01:00.229,3469201,BM2V220 @312948,370864,21FF98011503,-223,408,789
18/04/2024 17:01:00.289,3469261,BM2V220 @312948,370870,4DFF53024802,-179,595,584
18/04/2024 17:01:00.349,3469321,BM2V220 @312948,370876,3FFFCB02B501,-193,715,437
18/04/2024 17:01:00.379,3469351,BM2V220 @312948,370883,CBFE50035602,-309,848,598
18/04/2024 17:01:00.439,3469411,BM2V220 @312948,370889,CCFE6703A802,-308,871,680
18/04/2024 17:01:00.499,3469472,BM2V220 @312948,370895,FDFE89030703,-259,905,775
18/04/2024 17:01:00.529,3469501,BM2V220 @312948,370901,FDFE3D02B403,-259,573,948
18/04/2024 17:01:00.590,3469562,BM2V220 @312948,370908,1FFF9C000F03,-225,156,783
18/04/2024 17:01:00.650,3469622,BM2V220 @312948,370914,04FFBF00B402,-252,191,692
18/04/2024 17:01:00.679,3469651,BM2V220 @312948,370920,6AFE80FFC902,-406,-128,713
18/04/2024 17:01:00.740,3469712,BM2V220 @312948,370926,09FE16FFD802,-503,-234,728
18/04/2024 17:01:00.800,3469772,BM2V220 @312948,370933,B4FDD3FED402,-588,-301,724
18/04/2024 17:01:00.829,3469801,BM2V220 @312948,370939,80FDA8FECA02,-640,-344,714
18/04/2024 17:01:00.890,3469862,BM2V220 @312948,370945,6BFDC9FE8902,-661,-311,649
18/04/2024 17:01:00.950,3469922,BM2V220 @312948,370951,2CFDBDFEA202,-724,-323,674
18/04/2024 17:01:00.980,3469952,BM2V220 @312948,370958,F7FC21FF3B03,-777,-223,827
18/04/2024 17:01:01.040,3470012,BM2V220 @312948,370964,27FDF1FEDE02,-729,-271,734
18/04/2024 17:01:01.100,3470072,BM2V220 @312948,370970,4DFDFAFE4003,-691,-262,832
18/04/2024 17:01:01.129,3470101,BM2V220 @312948,370976,80FD0CFF4803,-640,-244,840
18/04/2024 17:01:01.190,3470162,BM2V220 @312948,370983,7CFD39FF6203,-644,-199,866
18/04/2024 17:01:01.250,3470222,BM2V220 @312948,370989,73FDAAFE2603,-653,-342,806
18/04/2024 17:01:01.279,3470251,BM2V220 @312948,370995,3EFD58FF7D03,-706,-168,893
18/04/2024 17:01:01.340,3470312,BM2V220 @312948,371001,58FDDDFF4303,-680,-35,835
18/04/2024 17:01:01.400,3470373,BM2V220 @312948,371008,AFFDB0FF1503,-593,-80,789
18/04/2024 17:01:01.429,3470401,BM2V220 @312948,371014,A0FD7F001A03,-608,127,794
18/04/2024 17:01:01.520,3470493,BM2V220 @312948,371020,4FFEB6000703,-433,182,775
18/04/2024 17:01:01.556,3470528,BM2V220 @312948,371026,55FE4C010303,-427,332,771
18/04/2024 17:01:01.579,3470551,BM2V220 @312948,371033,ECFEEE01F902,-276,494,761
18/04/2024 17:01:01.640,3470612,BM2V220 @312948,371039,C5FEDD012703,-315,477,807
18/04/2024 17:01:01.700,3470672,BM2V220 @312948,371045,14FF30023403,-236,560,820
18/04/2024 17:01:01.729,3470701,BM2V220 @312948,371051,38FFEC02CD02,-200,748,717
18/04/2024 17:01:01.790,3470762,BM2V220 @312948,371058,48FF2903C102,-184,809,705
18/04/2024 17:01:01.850,3470822,BM2V220 @312948,371064,33FF7B03BA02,-205,891,698
18/04/2024 17:01:01.879,3470851,BM2V220 @312948,371070,3AFFC5022C03,-198,709,812
18/04/2024 17:01:01.939,3470912,BM2V220 @312948,371076,4EFF43022203,-178,579,802
18/04/2024 17:01:02.000,3470972,BM2V220 @312948,371083,6EFF7B013803,-146,379,824
18/04/2024 17:01:02.029,3471001,BM2V220 @312948,371089,A1FEF600B703,-351,246,951
18/04/2024 17:01:02.090,3471062,BM2V220 @312948,371095,1EFE98004E03,-482,152,846
18/04/2024 17:01:02.150,3471122,BM2V220 @312948,371101,D1FD3000DF02,-559,48,735
18/04/2024 17:01:02.179,3471151,BM2V220 @312948,371108,F4FCDC005A04,-780,220,1114
18/04/2024 17:01:02.240,3471213,BM2V220 @312948,371114,C2FDE5006103,-574,229,865
18/04/2024 17:01:02.299,3471271,BM2V220 @312948,371120,9AFD8000B403,-614,128,948
18/04/2024 17:01:02.330,3471302,BM2V220 @312948,371126,94FDA0008003,-620,160,896
18/04/2024 17:01:02.390,3471362,BM2V220 @312948,371133,06FE9900C703,-506,153,967
18/04/2024 17:01:02.450,3471422,BM2V220 @312948,371139,EBFD1501D403,-533,277,980
18/04/2024 17:01:02.479,3471451,BM2V220 @312948,371145,5BFE6A023A03,-421,618,826
18/04/2024 17:01:02.540,3471512,BM2V220 @312948,371151,E8FE04036802,-280,772,616
18/04/2024 17:01:02.600,3471572,BM2V220 @312948,371158,42FFD602D801,-190,726,472
18/04/2024 17:01:02.629,3471601,BM2V220 @312948,371164,99FF2D03A601,-103,813,422
18/04/2024 17:01:02.690,3471662,BM2V220 @312948,371170,88FFE601E501,-120,486,485
18/04/2024 17:01:02.750,3471722,BM2V220 @312948,371176,F7FE92029202,-265,658,658
18/04/2024 17:01:02.779,3471751,BM2V220 @312948,371183,8CFECD028602,-372,717,646
18/04/2024 17:01:02.840,3471812,BM2V220 @312948,371189,63FED4029502,-413,724,661
18/04/2024 17:01:02.899,3471872,BM2V220 @312948,371195,44FEE102A202,-444,737,674
18/04/2024 17:01:02.929,3471901,BM2V220 @312948,371201,56FE5D02EF02,-426,605,751
18/04/2024 17:01:02.990,3471962,BM2V220 @312948,371208,5EFE1102F802,-418,529,760
18/04/2024 17:01:03.050,3472022,BM2V220 @312948,371214,3FFE4D02C802,-449,589,712
18/04/2024 17:01:03.080,3472052,BM2V220 @312948,371220,56FE6F02CC02,-426,623,716
18/04/2024 17:01:03.140,3472112,BM2V220 @312948,371226,42FE1402CA02,-446,532,714
18/04/2024 17:01:03.200,3472172,BM2V220 @312948,371233,15FE02021503,-491,514,789
18/04/2024 17:01:03.231,3472203,BM2V220 @312948,371239,F8FD5002DC02,-520,592,732
18/04/2024 17:01:03.290,3472262,BM2V220 @312948,371245,D9FD1C02F502,-551,540,757
18/04/2024 17:01:03.350,3472322,BM2V220 @312948,371251,C7FD3A02FB02,-569,570,763
18/04/2024 17:01:03.379,3472351,BM2V220 @312948,371258,5DFEDB017A02,-419,475,634
18/04/2024 17:01:03.440,3472412,BM2V220 @312948,371264,F5FE32026402,-267,562,612
18/04/2024 17:01:03.500,3472472,BM2V220 @312948,371270,F9FE10011303,-263,272,787
18/04/2024 17:01:03.530,3472502,BM2V220 @312948,371276,B6FE6B01E702,-330,363,743
18/04/2024 17:01:03.590,3472562,BM2V220 @312948,371283,FFFD0202E503,-513,514,997
18/04/2024 17:01:03.650,3472622,BM2V220 @312948,371289,57FE39018D03,-425,313,909
18/04/2024 17:01:03.680,3472652,BM2V220 @312948,371295,2FFE7E015B03,-465,382,859
18/04/2024 17:01:03.740,3472713,BM2V220 @312948,371301,8CFE16016903,-372,278,873
18/04/2024 17:01:03.799,3472772,BM2V220 @312948,371308,B6FE0B01BD03,-330,267,957
18/04/2024 17:01:03.830,3472802,BM2V220 @312948,371314,10FF0B02D703,-240,523,983
18/04/2024 17:01:03.890,3472862,BM2V220 @312948,371320,3FFF14029003,-193,532,912
18/04/2024 17:01:03.950,3472922,BM2V220 @312948,371326,4BFFAD015603,-181,429,854
18/04/2024 17:01:03.979,3472951,BM2V220 @312948,371333,25FF5E01FA02,-219,350,762
18/04/2024 17:01:04.039,3473012,BM2V220 @312948,371339,6CFE24010803,-404,292,776
18/04/2024 17:01:04.100,3473072,BM2V220 @312948,371345,BCFD0901C302,-580,265,707
18/04/2024 17:01:04.129,3473101,BM2V220 @312948,371351,6CFDB200D702,-660,178,727
18/04/2024 17:01:04.190,3473162,BM2V220 @312948,371358,23FD7300FF03,-733,115,1023
18/04/2024 17:01:04.250,3473222,BM2V220 @312948,371364,23FDBC014403,-733,444,836
18/04/2024 17:01:04.279,3473251,BM2V220 @312948,371370,6BFDD200B302,-661,210,691
18/04/2024 17:01:04.340,3473312,BM2V220 @312948,371376,D1FC8902F202,-815,649,754
18/04/2024 17:01:04.400,3473373,BM2V220 @312948,371383,46FE99027402,-442,665,628
18/04/2024 17:01:04.429,3473401,BM2V220 @312948,371389,92FE23027502,-366,547,629
18/04/2024 17:01:04.490,3473462,BM2V220 @312948,371395,0CFF5D01C002,-244,349,704
18/04/2024 17:01:04.549,3473521,BM2V220 @312948,371401,70FF51019702,-144,337,663
18/04/2024 17:01:04.580,3473552,BM2V220 @312948,371408,1FFF38010703,-225,312,775
18/04/2024 17:01:04.640,3473612,BM2V220 @312948,371414,E2FDE7018A03,-542,487,906
18/04/2024 17:01:04.700,3473673,BM2V220 @312948,371420,19FED901AF03,-487,473,943
18/04/2024 17:01:04.729,3473701,BM2V220 @312948,371426,14FE2A023C03,-492,554,828
18/04/2024 17:01:04.790,3473763,BM2V220 @312948,371433,48FE3902C402,-440,569,708
18/04/2024 17:01:04.850,3473822,BM2V220 @312948,371439,59FE0B02E202,-423,523,738
18/04/2024 17:01:04.880,3473852,BM2V220 @312948,371445,42FE94029F02,-446,660,671
18/04/2024 17:01:04.940,3473912,BM2V220 @312948,371451,22FE94027E02,-478,660,638
18/04/2024 17:01:05.000,3473972,BM2V220 @312948,371458,26FE4C025202,-474,588,594
18/04/2024 17:01:05.029,3474001,BM2V220 @312948,371464,76FE1C029802,-394,540,664
18/04/2024 17:01:05.090,3474062,BM2V220 @312948,371470,93FEE501B402,-365,485,692
18/04/2024 17:01:05.150,3474122,BM2V220 @312948,371476,63FE4402E402,-413,580,740
18/04/2024 17:01:05.210,3474182,BM2V220 @312948,371483,2CFE4102E902,-468,577,745
18/04/2024 17:01:05.241,3474213,BM2V220 @312948,371489,1DFE6E02F202,-483,622,754
18/04/2024 17:01:05.300,3474273,BM2V220 @312948,371495,49FE1802C002,-439,536,704
18/04/2024 17:01:05.329,3474301,BM2V220 @312948,371501,34FE1502B402,-460,533,692
18/04/2024 17:01:05.390,3474362,BM2V220 @312948,371508,42FE4802A602,-446,584,678
18/04/2024 17:01:05.450,3474422,BM2V220 @312948,371514,2FFE3A02B802,-465,570,696
18/04/2024 17:01:05.479,3474451,BM2V220 @312948,371520,1EFE4302C902,-482,579,713
18/04/2024 17:01:05.540,3474512,BM2V220 @312948,371526,EDFD26021603,-531,550,790
18/04/2024 17:01:05.600,3474572,BM2V220 @312948,371533,B2FD19026303,-590,537,867
18/04/2024 17:01:05.631,3474604,BM2V220 @312948,371539,98FD11026503,-616,529,869
18/04/2024 17:01:05.690,3474662,BM2V220 @312948,371545,FBFD19021603,-517,537,790
18/04/2024 17:01:05.750,3474722,BM2V220 @312948,371551,8AFE47027202,-374,583,626
18/04/2024 17:01:05.779,3474751,BM2V220 @312948,371558,02FF96022E02,-254,662,558
18/04/2024 17:01:05.840,3474812,BM2V220 @312948,371564,FDFEDD02EF01,-259,733,495
18/04/2024 17:01:05.899,3474872,BM2V220 @312948,371570,26FF8A021002,-218,650,528
18/04/2024 17:01:05.930,3474902,BM2V220 @312948,371576,30FFA4023E02,-208,676,574
18/04/2024 17:01:05.990,3474962,BM2V220 @312948,371583,44FF86023E02,-188,646,574
18/04/2024 17:01:06.050,3475023,BM2V220 @312948,371589,22FFB6026B02,-222,694,619
18/04/2024 17:01:06.079,3475051,BM2V220 @312948,371595,BAFEFA02C602,-326,762,710
18/04/2024 17:01:06.140,3475112,BM2V220 @312948,371601,9BFED702AE02,-357,727,686
18/04/2024 17:01:06.200,3475172,BM2V220 @312948,371608,8AFE7102D102,-374,625,721
18/04/2024 17:01:06.229,3475201,BM2V220 @312948,371614,76FE3D025B02,-394,573,603
18/04/2024 17:01:06.290,3475262,BM2V220 @312948,371620,41FEE901B802,-447,489,696
18/04/2024 17:01:06.350,3475322,BM2V220 @312948,371626,11FE90021303,-495,656,787
18/04/2024 17:01:06.379,3475351,BM2V220 @312948,371633,20FEC8029802,-480,712,664
18/04/2024 17:01:06.440,3475412,BM2V220 @312948,371639,44FE38025202,-444,568,594
18/04/2024 17:01:06.500,3475473,BM2V220 @312948,371645,FEFDFA02A402,-514,762,676
18/04/2024 17:01:06.529,3475501,BM2V220 @312948,371651,46FE56027302,-442,598,627
18/04/2024 17:01:06.620,3475593,BM2V220 @312948,371658,4EFE3C029D02,-434,572,669
18/04/2024 17:01:06.649,3475621,BM2V220 @312948,371664,3BFEEF010903,-453,495,777
18/04/2024 17:01:06.680,3475652,BM2V220 @312948,371670,49FED701D402,-439,471,724
18/04/2024 17:01:06.740,3475712,BM2V220 @312948,371676,E8FDDC024A03,-536,732,842
18/04/2024 17:01:06.800,3475773,BM2V220 @312948,371683,2DFEC0021C03,-467,704,796
18/04/2024 17:01:06.829,3475801,BM2V220 @312948,371689,85FE8A02BE02,-379,650,702
18/04/2024 17:01:06.890,3475862,BM2V220 @312948,371695,C8FEBB02FE01,-312,699,510
18/04/2024 17:01:06.950,3475922,BM2V220 @312948,371701,05FF56017002,-251,342,624
18/04/2024 17:01:06.979,3475951,BM2V220 @312948,371708,71FE5601D402,-399,342,724
18/04/2024 17:01:07.040,3476012,BM2V220 @312948,371714,41FE54010703,-447,340,775
18/04/2024 17:01:07.100,3476072,BM2V220 @312948,371720,D1FD8F013D03,-559,399,829
18/04/2024 17:01:07.129,3476101,BM2V220 @312948,371726,96FD44023303,-618,580,819
18/04/2024 17:01:07.190,3476162,BM2V220 @312948,371733,AFFDE0014403,-593,480,836
18/04/2024 17:01:07.250,3476222,BM2V220 @312948,371739,DCFD2D023803,-548,557,824
18/04/2024 17:01:07.279,3476251,BM2V220 @312948,371745,27FE3002E202,-473,560,738
18/04/2024 17:01:07.340,3476312,BM2V220 @312948,371751,75FEA1028F02,-395,673,655
18/04/2024 17:01:07.400,3476373,BM2V220 @312948,371758,8CFE7E025B02,-372,638,603
18/04/2024 17:01:07.429,3476401,BM2V220 @312948,371764,92FEC7016D02,-366,455,621
18/04/2024 17:01:07.490,3476462,BM2V220 @312948,371770,31FE35025103,-463,565,849
18/04/2024 17:01:07.550,3476522,BM2V220 @312948,371776,4FFE1B022503,-433,539,805
18/04/2024 17:01:07.579,3476551,BM2V220 @312948,371783,4EFEE501DD02,-434,485,733
18/04/2024 17:01:07.640,3476612,BM2V220 @312948,371789,3CFED0012103,-452,464,801
18/04/2024 17:01:07.700,3476673,BM2V220 @312948,371795,5EFEB6010B03,-418,438,779
18/04/2024 17:01:07.731,3476703,BM2V220 @312948,371801,3CFECB010903,-452,459,777
18/04/2024 17:01:07.790,3476762,BM2V220 @312948,371808,30FE4402FF02,-464,580,767
18/04/2024 17:01:07.850,3476822,BM2V220 @312948,371814,26FE0702EA02,-474,519,746
18/04/2024 17:01:07.881,3476853,BM2V220 @312948,371820,D6FDD5011C03,-554,469,796
18/04/2024 17:01:07.940,3476912,BM2V220 @312948,371826,BEFD87020603,-578,647,774
18/04/2024 17:01:08.030,3477003,BM2V220 @312948,371833,E5FDC402D302,-539,708,723
18/04/2024 17:01:08.033,3477005,BM2V220 @312948,371839,49FE0C034802,-439,780,584
18/04/2024 17:01:08.090,3477062,BM2V220 @312948,371845,98FEA002FE01,-360,672,510
18/04/2024 17:01:08.150,3477122,BM2V220 @312948,371851,BEFED103EA01,-322,977,490
18/04/2024 17:01:08.179,3477151,BM2V220 @312948,371858,23FF67020D02,-221,615,525
18/04/2024 17:01:08.239,3477211,BM2V220 @312948,371864,4DFFA2020602,-179,674,518
18/04/2024 17:01:08.300,3477272,BM2V220 @312948,371870,4AFF05024F02,-182,517,591
18/04/2024 17:01:08.329,3477301,BM2V220 @312948,371876,F0FE0C020603,-272,524,774
18/04/2024 17:01:08.390,3477362,BM2V220 @312948,371883,D1FE27014803,-303,295,840
18/04/2024 17:01:08.450,3477422,BM2V220 @312948,371889,ADFD88002205,-595,136,1314
18/04/2024 17:01:08.480,3477452,BM2V220 @312948,371895,59FE01017603,-423,257,886
18/04/2024 17:01:08.540,3477512,BM2V220 @312948,371901,2CFEAD019403,-468,429,916
18/04/2024 17:01:08.600,3477573,BM2V220 @312948,371908,9FFEEA005D03,-353,234,861
18/04/2024 17:01:08.629,3477601,BM2V220 @312948,371914,85FEE5013803,-379,485,824
18/04/2024 17:01:08.689,3477662,BM2V220 @312948,371920,EAFE7603E002,-278,886,736
18/04/2024 17:01:08.749,3477721,BM2V220 @312948,371926,1BFF4402D402,-229,580,724
18/04/2024 17:01:08.780,3477752,BM2V220 @312948,371933,0EFF66024C02,-242,614,588
18/04/2024 17:01:08.870,3477843,BM2V220 @312948,371939,B7FEDA022302,-329,730,547
18/04/2024 17:01:08.899,3477871,BM2V220 @312948,371945,60FE0B025902,-416,523,601
18/04/2024 17:01:08.930,3477902,BM2V220 @312948,371951,27FE25026B02,-473,549,619
18/04/2024 17:01:09.020,3477993,BM2V220 @312948,371958,0EFE6E029B02,-498,622,667
18/04/2024 17:01:09.049,3478021,BM2V220 @312948,371964,2EFEF3019F02,-466,499,671
18/04/2024 17:01:09.080,3478052,BM2V220 @312948,371970,09FE0C02D902,-503,524,729
18/04/2024 17:01:09.140,3478112,BM2V220 @312948,371976,6DFD7F02A003,-659,639,928
18/04/2024 17:01:09.201,3478173,BM2V220 @312948,371983,EBFD0B02EB02,-533,523,747
18/04/2024 17:01:09.232,3478205,BM2V220 @312948,371989,01FE6B022C03,-511,619,812
18/04/2024 17:01:09.290,3478262,BM2V220 @312948,371995,69FEEF010A03,-407,495,778
18/04/2024 17:01:09.350,3478322,BM2V220 @312948,372001,89FE6E029802,-375,622,664
18/04/2024 17:01:09.382,3478354,BM2V220 @312948,372008,BAFE8D028602,-326,653,646
18/04/2024 17:01:09.440,3478412,BM2V220 @312948,372014,D1FEF2027802,-303,754,632
18/04/2024 17:01:09.500,3478472,BM2V220 @312948,372020,D6FE75027B02,-298,629,635
18/04/2024 17:01:09.532,3478504,BM2V220 @312948,372026,C6FE2002BC02,-314,544,700
18/04/2024 17:01:09.590,3478562,BM2V220 @312948,372033,DCFE7801F102,-292,376,753
18/04/2024 17:01:09.650,3478622,BM2V220 @312948,372039,C6FEB7008703,-314,183,903
18/04/2024 17:01:09.679,3478651,BM2V220 @312948,372045,69FE27008103,-407,39,897
18/04/2024 17:01:09.740,3478712,BM2V220 @312948,372051,22FE56009503,-478,86,917
18/04/2024 17:01:09.800,3478773,BM2V220 @312948,372058,ECFD86FFC203,-532,-122,962
18/04/2024 17:01:09.833,3478805,BM2V220 @312948,372064,EFFD1B002603,-529,27,806
18/04/2024 17:01:09.890,3478863,BM2V220 @312948,372070,A9FDA7FF1503,-599,-89,789
18/04/2024 17:01:09.949,3478921,BM2V220 @312948,372076,85FD0A001F03,-635,10,799
18/04/2024 17:01:09.979,3478951,BM2V220 @312948,372083,74FD65FFC902,-652,-155,713
18/04/2024 17:01:10.040,3479012,BM2V220 @312948,372089,7FFDFDFFCA02,-641,-3,714
18/04/2024 17:01:10.130,3479103,BM2V220 @312948,372095,24FD49FF1F03,-732,-183,799
18/04/2024 17:01:10.155,3479127,BM2V220 @312948,372101,24FD49FF4603,-732,-183,838
18/04/2024 17:01:10.220,3479192,BM2V220 @312948,372108,A2FD41003803,-606,65,824
18/04/2024 17:01:10.249,3479221,BM2V220 @312948,372114,4DFE8B013503,-435,395,821
18/04/2024 17:01:10.280,3479252,BM2V220 @312948,372120,9FFEE901CE02,-353,489,718
18/04/2024 17:01:10.340,3479312,BM2V220 @312948,372126,FAFE80028002,-262,640,640
18/04/2024 17:01:10.400,3479373,BM2V220 @312948,372133,D2FE71027E02,-302,625,638
18/04/2024 17:01:10.429,3479401,BM2V220 @312948,372139,67FE57034602,-409,855,582
18/04/2024 17:01:10.489,3479461,BM2V220 @312948,372145,3EFEFA022002,-450,762,544
18/04/2024 17:01:10.550,3479523,BM2V220 @312948,372151,18FE92028F02,-488,658,655
18/04/2024 17:01:10.580,3479552,BM2V220 @312948,372158,29FE9E025602,-471,670,598
18/04/2024 17:01:10.640,3479612,BM2V220 @312948,372164,42FE7E02BA02,-446,638,698
18/04/2024 17:01:10.700,3479672,BM2V220 @312948,372170,58FE8802AC02,-424,648,684
18/04/2024 17:01:10.729,3479701,BM2V220 @312948,372176,3BFE67029402,-453,615,660
18/04/2024 17:01:10.790,3479762,BM2V220 @312948,372183,3EFE37028102,-450,567,641
18/04/2024 17:01:10.850,3479823,BM2V220 @312948,372189,58FE5C029F02,-424,604,671
18/04/2024 17:01:10.879,3479851,BM2V220 @312948,372195,47FE7B027B02,-441,635,635
18/04/2024 17:01:10.970,3479943,BM2V220 @312948,372201,4EFE5002A602,-434,592,678
18/04/2024 17:01:11.002,3479974,BM2V220 @312948,372208,51FE54029202,-431,596,658
18/04/2024 17:01:11.029,3480001,BM2V220 @312948,372214,59FE5E02A002,-423,606,672
18/04/2024 17:01:11.090,3480062,BM2V220 @312948,372220,3EFE6A02A502,-450,618,677
18/04/2024 17:01:11.150,3480122,BM2V220 @312948,372226,28FE54028502,-472,596,645
18/04/2024 17:01:11.180,3480152,BM2V220 @312948,372233,2FFE45029702,-465,581,663
18/04/2024 17:01:11.240,3480212,BM2V220 @312948,372239,1AFE5E029802,-486,606,664
18/04/2024 17:01:11.300,3480272,BM2V220 @312948,372245,06FE4F028302,-506,591,643
18/04/2024 17:01:11.329,3480301,BM2V220 @312948,372251,0FFE32026102,-497,562,609
18/04/2024 17:01:11.390,3480362,BM2V220 @312948,372258,10FE6F024302,-496,623,579
18/04/2024 17:01:11.450,3480422,BM2V220 @312948,372264,15FEC102E601,-491,705,486
18/04/2024 17:01:11.479,3480451,BM2V220 @312948,372270,25FED6026002,-475,726,608
18/04/2024 17:01:11.540,3480512,BM2V220 @312948,372276,48FEC0021A02,-440,704,538
18/04/2024 17:01:11.600,3480573,BM2V220 @312948,372283,6EFEB6023702,-402,694,567
18/04/2024 17:01:11.629,3480601,BM2V220 @312948,372289,69FEED025702,-407,749,599
18/04/2024 17:01:11.690,3480662,BM2V220 @312948,372295,8EFEA1027802,-370,673,632
18/04/2024 17:01:11.750,3480722,BM2V220 @312948,372301,9BFED102B002,-357,721,688
18/04/2024 17:01:11.779,3480751,BM2V220 @312948,372308,ABFE4F02AD02,-341,591,685
18/04/2024 17:01:11.840,3480812,BM2V220 @312948,372314,95FE46029B02,-363,582,667
18/04/2024 17:01:11.899,3480872,BM2V220 @312948,372320,53FEE801C602,-429,488,710
18/04/2024 17:01:11.930,3480902,BM2V220 @312948,372326,2CFEED011503,-468,493,789
18/04/2024 17:01:11.990,3480962,BM2V220 @312948,372333,2CFECA01F002,-468,458,752
18/04/2024 17:01:12.050,3481022,BM2V220 @312948,372339,35FE86013203,-459,390,818
18/04/2024 17:01:12.080,3481052,BM2V220 @312948,372345,49FE79015504,-439,377,1109
18/04/2024 17:01:12.140,3481113,BM2V220 @312948,372351,40FE3D012D03,-448,317,813
18/04/2024 17:01:12.200,3481172,BM2V220 @312948,372358,05FE9E012103,-507,414,801
18/04/2024 17:01:12.229,3481201,BM2V220 @312948,372364,F2FD63012503,-526,355,805
18/04/2024 17:01:12.290,3481262,BM2V220 @312948,372370,0AFE60013F03,-502,352,831
18/04/2024 17:01:12.350,3481322,BM2V220 @312948,372376,17FE6F012E03,-489,367,814
18/04/2024 17:01:12.379,3481351,BM2V220 @312948,372383,0DFE56012F03,-499,342,815
18/04/2024 17:01:12.441,3481413,BM2V220 @312948,372389,0AFE5D012C03,-502,349,812
18/04/2024 17:01:12.500,3481472,BM2V220 @312948,372395,04FE5A011503,-508,346,789
18/04/2024 17:01:12.529,3481501,BM2V220 @312948,372401,03FE5B012A03,-509,347,810
18/04/2024 17:01:12.590,3481562,BM2V220 @312948,372408,00FE59012A03,-512,345,810
18/04/2024 17:01:12.650,3481622,BM2V220 @312948,372414,FFFD5E012B03,-513,350,811
18/04/2024 17:01:12.679,3481651,BM2V220 @312948,372420,FDFD51012803,-515,337,808
18/04/2024 17:01:12.740,3481712,BM2V220 @312948,372426,FEFD56012D03,-514,342,813
18/04/2024 17:01:12.800,3481772,BM2V220 @312948,372433,FCFD5A012703,-516,346,807
18/04/2024 17:01:12.829,3481801,BM2V220 @312948,372439,FFFD58012503,-513,344,805
18/04/2024 17:01:12.890,3481862,BM2V220 @312948,372445,01FE62011F03,-511,354,799
18/04/2024 17:01:12.980,3481953,BM2V220 @312948,372451,05FE57012D03,-507,343,813
18/04/2024 17:01:13.003,3481975,BM2V220 @312948,372458,07FE5C012D03,-505,348,813
18/04/2024 17:01:13.040,3482012,BM2V220 @312948,372464,00FE63012603,-512,355,806
18/04/2024 17:01:13.100,3482073,BM2V220 @312948,372470,04FE76011F03,-508,374,799
18/04/2024 17:01:13.160,3482133,BM2V220 @312948,372476,05FE74011F03,-507,372,799
18/04/2024 17:01:13.189,3482161,BM2V220 @312948,372483,03FE74011D03,-509,372,797
18/04/2024 17:01:13.250,3482222,BM2V220 @312948,372489,00FE6C011F03,-512,364,799
18/04/2024 17:01:13.286,3482258,BM2V220 @312948,372495,FEFD6B011E03,-514,363,798
18/04/2024 17:01:13.340,3482312,BM2V220 @312948,372501,FCFD6F011C03,-516,367,796
18/04/2024 17:01:13.400,3482373,BM2V220 @312948,372508,F7FD72011903,-521,370,793
18/04/2024 17:01:13.429,3482401,BM2V220 @312948,372514,F5FD73011603,-523,371,790
18/04/2024 17:01:13.490,3482463,BM2V220 @312948,372520,F9FD71011903,-519,369,793
18/04/2024 17:01:13.550,3482522,BM2V220 @312948,372526,F8FD6D011B03,-520,365,795
18/04/2024 17:01:13.579,3482551,BM2V220 @312948,372533,F6FD6B011D03,-522,363,797
18/04/2024 17:01:13.640,3482613,BM2V220 @312948,372539,F8FD68011B03,-520,360,795
18/04/2024 17:01:13.700,3482673,BM2V220 @312948,372545,FAFD6F011D03,-518,367,797
18/04/2024 17:01:13.730,3482702,BM2V220 @312948,372551,F5FD6C011803,-523,364,792
18/04/2024 17:01:13.790,3482762,BM2V220 @312948,372558,F9FD6C011D03,-519,364,797
18/04/2024 17:01:13.850,3482822,BM2V220 @312948,372564,F8FD6B011B03,-520,363,795
18/04/2024 17:01:13.879,3482851,BM2V220 @312948,372570,F6FD6A011C03,-522,362,796
18/04/2024 17:01:13.940,3482913,BM2V220 @312948,372576,FAFD69011A03,-518,361,794
18/04/2024 17:01:14.001,3482973,BM2V220 @312948,372583,FAFD6D011C03,-518,365,796
18/04/2024 17:01:14.029,3483001,BM2V220 @312948,372589,F7FD6A011D03,-521,362,797
18/04/2024 17:01:14.090,3483063,BM2V220 @312948,372595,FDFD6C011C03,-515,364,796
18/04/2024 17:01:14.150,3483123,BM2V220 @312948,372601,FCFD67011B03,-516,359,795
18/04/2024 17:01:14.180,3483152,BM2V220 @312948,372608,F9FD6D011B03,-519,365,795
18/04/2024 17:01:14.270,3483243,BM2V220 @312948,372614,FAFD71011B03,-518,369,795
18/04/2024 17:01:14.300,3483272,BM2V220 @312948,372620,FBFD70011903,-517,368,793
18/04/2024 17:01:14.329,3483301,BM2V220 @312948,372626,FBFD70011B03,-517,368,795
18/04/2024 17:01:14.390,3483362,BM2V220 @312948,372633,FAFD76011A03,-518,374,794
