Logged started on,23/04/2024 17:13:52
Feature,Accelerometer
Nodes,BM2V220 @312948

Date,HostTimestamp,NodeName,NodeTimestamp,RawData,X (mg),Y (mg),Z (mg)
23/04/2024 17:25:18.406,685854,BM2V220 @312948,89542,80028C016803,640,396,872
23/04/2024 17:25:18.462,685901,BM2V220 @312948,89548,38029C01B503,568,412,949
23/04/2024 17:25:18.525,685963,BM2V220 @312948,89554,3302A601FC03,563,422,1020
23/04/2024 17:25:18.554,685993,BM2V220 @312948,89561,5801B5008203,344,181,898
23/04/2024 17:25:18.613,686051,BM2V220 @312948,89567,B200E701AF03,178,487,943
23/04/2024 17:25:18.673,686111,BM2V220 @312948,89573,2D007601F603,45,374,1014
23/04/2024 17:25:18.701,686139,BM2V220 @312948,89579,00000B015C03,0,267,860
23/04/2024 17:25:18.762,686201,BM2V220 @312948,89586,240083001503,36,131,789
23/04/2024 17:25:18.822,686260,BM2V220 @312948,89592,950000002C03,149,0,812
23/04/2024 17:25:18.854,686293,BM2V220 @312948,89598,6C01F4FFA802,364,-12,680
23/04/2024 17:25:18.913,686351,BM2V220 @312948,89604,330289FF5503,563,-119,853
23/04/2024 17:25:18.973,686411,BM2V220 @312948,89611,C202F6FE0703,706,-266,775
23/04/2024 17:25:19.002,686440,BM2V220 @312948,89617,F402BFFE5603,756,-321,854
23/04/2024 17:25:19.063,686501,BM2V220 @312948,89623,950285FEA002,661,-379,672
23/04/2024 17:25:19.122,686561,BM2V220 @312948,89629,8B0201FEAB02,651,-511,683
23/04/2024 17:25:19.152,686590,BM2V220 @312948,89636,5E02CBFD1A02,606,-565,538
23/04/2024 17:25:19.212,686650,BM2V220 @312948,89642,6202C9FD0F02,610,-567,527
23/04/2024 17:25:19.272,686710,BM2V220 @312948,89648,9F0245FEAF02,671,-443,687
23/04/2024 17:25:19.303,686741,BM2V220 @312948,89654,7402ECFD6402,628,-532,612
23/04/2024 17:25:19.362,686800,BM2V220 @312948,89661,BC02C0FD9702,700,-576,663
23/04/2024 17:25:19.422,686861,BM2V220 @312948,89667,C3024AFD4702,707,-694,583
23/04/2024 17:25:19.452,686890,BM2V220 @312948,89673,FA0258FD2302,762,-680,547
23/04/2024 17:25:19.512,686950,BM2V220 @312948,89679,03038EFD2203,771,-626,802
23/04/2024 17:25:19.572,687010,BM2V220 @312948,89686,6F0203FECF02,623,-509,719
23/04/2024 17:25:19.603,687041,BM2V220 @312948,89692,180256FE4803,536,-426,840
23/04/2024 17:25:19.692,687131,BM2V220 @312948,89698,5D0141FE4903,349,-447,841
23/04/2024 17:25:19.722,687160,BM2V220 @312948,89704,810007FFE201,129,-249,482
23/04/2024 17:25:19.752,687190,BM2V220 @312948,89711,F5FFCCFF6A02,-11,-52,618
23/04/2024 17:25:19.811,687249,BM2V220 @312948,89717,44003E018F02,68,318,655
23/04/2024 17:25:19.902,687341,BM2V220 @312948,89723,DB003102E002,219,561,736
23/04/2024 17:25:19.905,687344,BM2V220 @312948,89729,8A011302F202,394,531,754
23/04/2024 17:25:19.961,687400,BM2V220 @312948,89736,AC010D03DB02,428,781,731
23/04/2024 17:25:20.021,687460,BM2V220 @312948,89742,C2015F023203,450,607,818
23/04/2024 17:25:20.052,687490,BM2V220 @312948,89748,DC0120024B03,476,544,843
23/04/2024 17:25:20.112,687550,BM2V220 @312948,89754,E601D2010903,486,466,777
23/04/2024 17:25:20.172,687610,BM2V220 @312948,89761,E80102020903,488,514,777
23/04/2024 17:25:20.204,687642,BM2V220 @312948,89767,F60171010703,502,369,775
23/04/2024 17:25:20.262,687700,BM2V220 @312948,89773,0F028E011F03,527,398,799
23/04/2024 17:25:20.352,687791,BM2V220 @312948,89779,470286019503,583,390,917
23/04/2024 17:25:20.376,687815,BM2V220 @312948,89786,15029C010A03,533,412,778
23/04/2024 17:25:20.413,687851,BM2V220 @312948,89792,0F023F01ED02,527,319,749
23/04/2024 17:25:20.473,687911,BM2V220 @312948,89798,44029A010603,580,410,774
23/04/2024 17:25:20.501,687939,BM2V220 @312948,89804,2D027201F502,557,370,757
23/04/2024 17:25:20.562,688001,BM2V220 @312948,89811,340255011A03,564,341,794
23/04/2024 17:25:20.622,688060,BM2V220 @312948,89817,350246011B03,565,326,795
23/04/2024 17:25:20.652,688091,BM2V220 @312948,89823,28025E010403,552,350,772
23/04/2024 17:25:20.712,688151,BM2V220 @312948,89829,23024201EE02,547,322,750
23/04/2024 17:25:20.802,688241,BM2V220 @312948,89836,3A025F010A03,570,351,778
23/04/2024 17:25:20.826,688264,BM2V220 @312948,89842,1D0256010E03,541,342,782
23/04/2024 17:25:20.862,688300,BM2V220 @312948,89848,34024E012003,564,334,800
23/04/2024 17:25:20.922,688360,BM2V220 @312948,89854,240241011A03,548,321,794
23/04/2024 17:25:20.955,688393,BM2V220 @312948,89861,290230011203,553,304,786
23/04/2024 17:25:21.013,688451,BM2V220 @312948,89867,2C0252010C03,556,338,780
23/04/2024 17:25:21.072,688511,BM2V220 @312948,89873,26024501FF02,550,325,767
23/04/2024 17:25:21.102,688540,BM2V220 @312948,89879,340259013003,564,345,816
23/04/2024 17:25:21.193,688632,BM2V220 @312948,89886,C2026C021903,706,620,793
23/04/2024 17:25:21.223,688661,BM2V220 @312948,89892,9602E0024E03,662,736,846
23/04/2024 17:25:21.253,688691,BM2V220 @312948,89898,2302F7015F03,547,503,863
23/04/2024 17:25:21.312,688751,BM2V220 @312948,89904,960177015203,406,375,850
23/04/2024 17:25:21.372,688811,BM2V220 @312948,89911,840066FFF702,132,-154,759
23/04/2024 17:25:21.404,688843,BM2V220 @312948,89917,3901B6013A03,313,438,826
23/04/2024 17:25:21.462,688901,BM2V220 @312948,89923,5F017FFF4803,351,-129,840
23/04/2024 17:25:21.522,688961,BM2V220 @312948,89929,A80101FEC103,424,-511,961
23/04/2024 17:25:21.551,688990,BM2V220 @312948,89936,C10142FE0203,449,-446,770
23/04/2024 17:25:21.613,689052,BM2V220 @312948,89942,1A02EEFDE002,538,-530,736
23/04/2024 17:25:21.645,689083,BM2V220 @312948,89948,470248FEC002,583,-440,704
23/04/2024 17:25:21.703,689141,BM2V220 @312948,89954,52022BFEC402,594,-469,708
23/04/2024 17:25:21.763,689201,BM2V220 @312948,89961,600289FEE402,608,-375,740
23/04/2024 17:25:21.791,689230,BM2V220 @312948,89967,3A023AFE5502,570,-454,597
23/04/2024 17:25:21.852,689290,BM2V220 @312948,89973,A402D4FD2E02,676,-556,558
23/04/2024 17:25:21.913,689351,BM2V220 @312948,89979,4F021AFD0D02,591,-742,525
23/04/2024 17:25:21.941,689380,BM2V220 @312948,89986,620296FDF101,610,-618,497
23/04/2024 17:25:22.003,689441,BM2V220 @312948,89992,9402EDFD0B02,660,-531,523
23/04/2024 17:25:22.062,689500,BM2V220 @312948,89998,7A0293FDF301,634,-621,499
23/04/2024 17:25:22.092,689530,BM2V220 @312948,90004,7502C1FDB302,629,-575,691
23/04/2024 17:25:22.152,689591,BM2V220 @312948,90011,850288FD7702,645,-632,631
23/04/2024 17:25:22.213,689651,BM2V220 @312948,90017,6102D0FD8302,609,-560,643
23/04/2024 17:25:22.244,689683,BM2V220 @312948,90023,6E020CFEC502,622,-500,709
23/04/2024 17:25:22.302,689741,BM2V220 @312948,90029,140232FE1103,532,-462,785
23/04/2024 17:25:22.362,689801,BM2V220 @312948,90036,C001F3FE4203,448,-269,834
23/04/2024 17:25:22.392,689831,BM2V220 @312948,90042,590182FF5403,345,-126,852
23/04/2024 17:25:22.453,689891,BM2V220 @312948,90048,16017800A003,278,120,928
23/04/2024 17:25:22.512,689951,BM2V220 @312948,90054,8F00FE000A03,143,254,778
23/04/2024 17:25:22.542,689980,BM2V220 @312948,90061,EF00A502AB03,239,677,939
23/04/2024 17:25:22.602,690041,BM2V220 @312948,90067,B00018026D02,176,536,621
23/04/2024 17:25:22.663,690101,BM2V220 @312948,90073,270187039902,295,903,665
23/04/2024 17:25:22.692,690130,BM2V220 @312948,90079,4B01A3028102,331,675,641
23/04/2024 17:25:22.752,690191,BM2V220 @312948,90086,8D011803B502,397,792,693
23/04/2024 17:25:22.812,690251,BM2V220 @312948,90092,6F0132022B03,367,562,811
23/04/2024 17:25:22.842,690280,BM2V220 @312948,90098,80011002B702,384,528,695
23/04/2024 17:25:22.902,690341,BM2V220 @312948,90104,B001E1010003,432,481,768
23/04/2024 17:25:22.963,690401,BM2V220 @312948,90111,AE01A3012A03,430,419,810
23/04/2024 17:25:22.995,690433,BM2V220 @312948,90117,D1019D011E03,465,413,798
23/04/2024 17:25:23.052,690491,BM2V220 @312948,90123,1B02B1013303,539,433,819
23/04/2024 17:25:23.112,690550,BM2V220 @312948,90129,09022D01FE02,521,301,766
23/04/2024 17:25:23.173,690611,BM2V220 @312948,90136,17027D01FB02,535,381,763
23/04/2024 17:25:23.202,690640,BM2V220 @312948,90142,2F0253010F03,559,339,783
23/04/2024 17:25:23.262,690701,BM2V220 @312948,90148,0902AE010D03,521,430,781
23/04/2024 17:25:23.293,690731,BM2V220 @312948,90154,0C026C011803,524,364,792
23/04/2024 17:25:23.353,690791,BM2V220 @312948,90161,000232011603,512,306,790
23/04/2024 17:25:23.415,690853,BM2V220 @312948,90167,100255011603,528,341,790
23/04/2024 17:25:23.471,690910,BM2V220 @312948,90173,0A024C011203,522,332,786
23/04/2024 17:25:23.502,690941,BM2V220 @312948,90179,2A0230012B03,554,304,811
23/04/2024 17:25:23.563,691002,BM2V220 @312948,90186,0302CE003403,515,206,820
23/04/2024 17:25:23.592,691030,BM2V220 @312948,90192,0002AD005903,512,173,857
23/04/2024 17:25:23.653,691091,BM2V220 @312948,90198,0B0281003603,523,129,822
23/04/2024 17:25:23.712,691151,BM2V220 @312948,90204,1A0223008C03,538,35,908
23/04/2024 17:25:23.744,691182,BM2V220 @312948,90211,30029C006203,560,156,866
23/04/2024 17:25:23.804,691242,BM2V220 @312948,90217,100261004403,528,97,836
23/04/2024 17:25:23.862,691300,BM2V220 @312948,90223,110257005D03,529,87,861
23/04/2024 17:25:23.894,691332,BM2V220 @312948,90229,0E0270006403,526,112,868
23/04/2024 17:25:23.953,691391,BM2V220 @312948,90236,16025D006003,534,93,864
23/04/2024 17:25:24.013,691451,BM2V220 @312948,90242,1F026C006203,543,108,866
23/04/2024 17:25:24.041,691479,BM2V220 @312948,90248,1B0258005703,539,88,855
23/04/2024 17:25:24.102,691540,BM2V220 @312948,90254,18024F005E03,536,79,862
23/04/2024 17:25:24.162,691601,BM2V220 @312948,90261,4402D8007003,580,216,880
23/04/2024 17:25:24.198,691636,BM2V220 @312948,90267,9402B0006203,660,176,866
23/04/2024 17:25:24.255,691694,BM2V220 @312948,90273,1402EA00A503,532,234,933
23/04/2024 17:25:24.312,691750,BM2V220 @312948,90279,A601CD00E603,422,205,998
23/04/2024 17:25:24.342,691780,BM2V220 @312948,90286,0701A3FF6D03,263,-93,877
23/04/2024 17:25:24.402,691840,BM2V220 @312948,90292,22019BFED802,290,-357,728
23/04/2024 17:25:24.464,691902,BM2V220 @312948,90298,A5019CFD7202,421,-612,626
23/04/2024 17:25:24.494,691933,BM2V220 @312948,90304,56026BFD4602,598,-661,582
23/04/2024 17:25:24.552,691991,BM2V220 @312948,90311,700279FDF301,624,-647,499
23/04/2024 17:25:24.612,692051,BM2V220 @312948,90317,0003E1FDFB02,768,-543,763
23/04/2024 17:25:24.644,692082,BM2V220 @312948,90323,9B02F8FD7C02,667,-520,636
23/04/2024 17:25:24.702,692140,BM2V220 @312948,90329,A9021BFE5502,681,-485,597
23/04/2024 17:25:24.762,692201,BM2V220 @312948,90336,860220FE3F02,646,-480,575
23/04/2024 17:25:24.792,692230,BM2V220 @312948,90342,D30280FDB302,723,-640,691
23/04/2024 17:25:24.882,692321,BM2V220 @312948,90348,C802FFFDF402,712,-513,756
23/04/2024 17:25:24.914,692352,BM2V220 @312948,90354,2D0218FEF902,557,-488,761
23/04/2024 17:25:24.945,692383,BM2V220 @312948,90361,450291FD3303,581,-623,819
23/04/2024 17:25:25.003,692441,BM2V220 @312948,90367,0302EAFE1203,515,-278,786
23/04/2024 17:25:25.062,692501,BM2V220 @312948,90373,55010600A002,341,6,672
23/04/2024 17:25:25.093,692531,BM2V220 @312948,90379,3D00D800A602,61,216,678
23/04/2024 17:25:25.154,692593,BM2V220 @312948,90386,A200C1021703,162,705,791
23/04/2024 17:25:25.212,692651,BM2V220 @312948,90392,360162023B03,310,610,827
23/04/2024 17:25:25.244,692682,BM2V220 @312948,90398,900111024403,400,529,836
23/04/2024 17:25:25.303,692741,BM2V220 @312948,90404,7D01B9017303,381,441,883
23/04/2024 17:25:25.363,692801,BM2V220 @312948,90411,910193015403,401,403,852
23/04/2024 17:25:25.392,692830,BM2V220 @312948,90417,CF0160016903,463,352,873
23/04/2024 17:25:25.452,692891,BM2V220 @312948,90423,C4012E012C03,452,302,812
23/04/2024 17:25:25.513,692952,BM2V220 @312948,90429,090295014F03,521,405,847
23/04/2024 17:25:25.541,692979,BM2V220 @312948,90436,FB0124013E03,507,292,830
23/04/2024 17:25:25.601,693040,BM2V220 @312948,90442,120249014C03,530,329,844
23/04/2024 17:25:25.662,693101,BM2V220 @312948,90448,FF0105015103,511,261,849
23/04/2024 17:25:25.692,693130,BM2V220 @312948,90454,F201DF004E03,498,223,846
23/04/2024 17:25:25.753,693192,BM2V220 @312948,90461,0102C9005B03,513,201,859
23/04/2024 17:25:25.813,693251,BM2V220 @312948,90467,F401D4004C03,500,212,844
23/04/2024 17:25:25.842,693280,BM2V220 @312948,90473,EE01AB009503,494,171,917
23/04/2024 17:25:25.903,693341,BM2V220 @312948,90479,DA0190008403,474,144,900
23/04/2024 17:25:25.962,693401,BM2V220 @312948,90486,E101AC006203,481,172,866
23/04/2024 17:25:25.994,693433,BM2V220 @312948,90492,DF01C0006703,479,192,871
23/04/2024 17:25:26.053,693492,BM2V220 @312948,90498,F301C8006703,499,200,871
23/04/2024 17:25:26.112,693551,BM2V220 @312948,90504,DE0196006E03,478,150,878
23/04/2024 17:25:26.142,693581,BM2V220 @312948,90511,E501BD005603,485,189,854
23/04/2024 17:25:26.203,693641,BM2V220 @312948,90517,F501D9006B03,501,217,875
23/04/2024 17:25:26.263,693701,BM2V220 @312948,90523,DD01AD006803,477,173,872
23/04/2024 17:25:26.293,693732,BM2V220 @312948,90529,DC01BF006C03,476,191,876
23/04/2024 17:25:26.353,693791,BM2V220 @312948,90536,EB018E007903,491,142,889
23/04/2024 17:25:26.413,693851,BM2V220 @312948,90542,DB0188006C03,475,136,876
23/04/2024 17:25:26.442,693880,BM2V220 @312948,90548,E6018B007503,486,139,885
23/04/2024 17:25:26.502,693941,BM2V220 @312948,90554,E501A8008303,485,168,899
23/04/2024 17:25:26.562,694000,BM2V220 @312948,90561,2A0222019703,554,290,919
23/04/2024 17:25:26.591,694029,BM2V220 @312948,90567,0402C200AE03,516,194,942
23/04/2024 17:25:26.652,694091,BM2V220 @312948,90573,7A01E701AE03,378,487,942
23/04/2024 17:25:26.713,694151,BM2V220 @312948,90579,BA0006012003,186,262,800
23/04/2024 17:25:26.745,694183,BM2V220 @312948,90586,6C001F005703,108,31,855
23/04/2024 17:25:26.803,694241,BM2V220 @312948,90592,170170011503,279,368,789
23/04/2024 17:25:26.863,694301,BM2V220 @312948,90598,EC010A001503,492,10,789
23/04/2024 17:25:26.892,694330,BM2V220 @312948,90604,2D03F9009003,813,249,912
23/04/2024 17:25:26.976,694414,BM2V220 @312948,90611,8E021F00E103,654,31,993
23/04/2024 17:25:27.013,694452,BM2V220 @312948,90617,9E020601BD03,670,262,957
23/04/2024 17:25:27.043,694482,BM2V220 @312948,90623,2B02C7003403,555,199,820
23/04/2024 17:25:27.103,694541,BM2V220 @312948,90629,AD02FC00FF02,685,252,767
23/04/2024 17:25:27.162,694601,BM2V220 @312948,90636,CF026E01D103,719,366,977
23/04/2024 17:25:27.192,694630,BM2V220 @312948,90642,480221015003,584,289,848
23/04/2024 17:25:27.253,694691,BM2V220 @312948,90648,71016E004603,369,110,838
23/04/2024 17:25:27.313,694751,BM2V220 @312948,90654,1B013A01D702,283,314,727
23/04/2024 17:25:27.342,694780,BM2V220 @312948,90661,0B01B201F002,267,434,752
23/04/2024 17:25:27.403,694842,BM2V220 @312948,90667,7B008901D802,123,393,728
23/04/2024 17:25:27.492,694931,BM2V220 @312948,90673,D800E901F902,216,489,761
23/04/2024 17:25:27.516,694954,BM2V220 @312948,90679,560163017803,342,355,888
23/04/2024 17:25:27.552,694991,BM2V220 @312948,90686,5D017F018703,349,383,903
23/04/2024 17:25:27.612,695051,BM2V220 @312948,90692,AB010E01A203,427,270,930
23/04/2024 17:25:27.642,695080,BM2V220 @312948,90698,D101E8008403,465,232,900
23/04/2024 17:25:27.702,695141,BM2V220 @312948,90704,D60128018203,470,296,898
23/04/2024 17:25:27.762,695201,BM2V220 @312948,90711,C701DB007A03,455,219,890
23/04/2024 17:25:27.793,695231,BM2V220 @312948,90717,C901E1007903,457,225,889
23/04/2024 17:25:27.853,695292,BM2V220 @312948,90723,DF01DB008B03,479,219,907
23/04/2024 17:25:27.913,695351,BM2V220 @312948,90729,CE019C006E03,462,156,878
23/04/2024 17:25:27.942,695380,BM2V220 @312948,90736,EE01AC008903,494,172,905
23/04/2024 17:25:28.002,695441,BM2V220 @312948,90742,DF019D007903,479,157,889
23/04/2024 17:25:28.092,695531,BM2V220 @312948,90748,D80197006F03,472,151,879
23/04/2024 17:25:28.093,695531,BM2V220 @312948,90754,DF01A1008503,479,161,901
23/04/2024 17:25:28.152,695590,BM2V220 @312948,90761,C80187007E03,456,135,894
23/04/2024 17:25:28.212,695650,BM2V220 @312948,90767,C40193007B03,452,147,891
23/04/2024 17:25:28.243,695681,BM2V220 @312948,90773,C9018F008103,457,143,897
23/04/2024 17:25:28.302,695740,BM2V220 @312948,90779,CB0169007F03,459,105,895
23/04/2024 17:25:28.362,695800,BM2V220 @312948,90786,D2019E007603,466,158,886
23/04/2024 17:25:28.392,695830,BM2V220 @312948,90792,C40138007303,452,56,883
23/04/2024 17:25:28.451,695890,BM2V220 @312948,90798,D10181008703,465,129,903
23/04/2024 17:25:28.512,695950,BM2V220 @312948,90804,CE0175008B03,462,117,907
23/04/2024 17:25:28.543,695981,BM2V220 @312948,90811,CD016A009303,461,106,915
23/04/2024 17:25:28.603,696041,BM2V220 @312948,90817,DA0183007F03,474,131,895
23/04/2024 17:25:28.662,696101,BM2V220 @312948,90823,D20166007F03,466,102,895
23/04/2024 17:25:28.692,696131,BM2V220 @312948,90829,EA0179009703,490,121,919
23/04/2024 17:25:28.753,696191,BM2V220 @312948,90836,0802C400AD03,520,196,941
23/04/2024 17:25:28.812,696251,BM2V220 @312948,90842,38026401C903,568,356,969
23/04/2024 17:25:28.841,696280,BM2V220 @312948,90848,39015A00E703,313,90,999
23/04/2024 17:25:28.902,696341,BM2V220 @312948,90854,E1009C004704,225,156,1095
23/04/2024 17:25:28.963,696401,BM2V220 @312948,90861,8700D1008D03,135,209,909
23/04/2024 17:25:28.995,696433,BM2V220 @312948,90867,6500B900F302,101,185,755
23/04/2024 17:25:29.053,696491,BM2V220 @312948,90873,CC0028001B03,204,40,795
23/04/2024 17:25:29.113,696551,BM2V220 @312948,90879,7C017BFF0103,380,-133,769
23/04/2024 17:25:29.142,696580,BM2V220 @312948,90886,76026AFF4E03,630,-150,846
23/04/2024 17:25:29.202,696641,BM2V220 @312948,90892,D502ADFFBB03,725,-83,955
23/04/2024 17:25:29.263,696701,BM2V220 @312948,90898,E402BEFFA803,740,-66,936
23/04/2024 17:25:29.295,696733,BM2V220 @312948,90904,0D021E004103,525,30,833
23/04/2024 17:25:29.353,696791,BM2V220 @312948,90911,2A02CEFF1603,554,-50,790
23/04/2024 17:25:29.442,696881,BM2V220 @312948,90917,5502CEFF4503,597,-50,837
23/04/2024 17:25:29.475,696913,BM2V220 @312948,90923,310252009902,561,82,665
23/04/2024 17:25:29.504,696942,BM2V220 @312948,90929,280352FEDA03,808,-430,986
23/04/2024 17:25:29.562,697001,BM2V220 @312948,90936,50039FFF5704,848,-97,1111
23/04/2024 17:25:29.592,697031,BM2V220 @312948,90942,D602CCFF4E03,726,-52,846
23/04/2024 17:25:29.653,697091,BM2V220 @312948,90948,F8011D000303,504,29,771
23/04/2024 17:25:29.742,697181,BM2V220 @312948,90954,48016B00A002,328,107,672
23/04/2024 17:25:29.745,697184,BM2V220 @312948,90961,C3002C019902,195,300,665
23/04/2024 17:25:29.802,697241,BM2V220 @312948,90967,F3FFAF016702,-13,431,615
23/04/2024 17:25:29.862,697301,BM2V220 @312948,90973,68003803D102,104,824,721
23/04/2024 17:25:29.892,697330,BM2V220 @312948,90979,200182027703,288,642,887
23/04/2024 17:25:29.952,697391,BM2V220 @312948,90986,4A01DF025503,330,735,853
23/04/2024 17:25:30.012,697451,BM2V220 @312948,90992,4D01EF017403,333,495,884
23/04/2024 17:25:30.044,697482,BM2V220 @312948,90998,3101E3012F03,305,483,815
23/04/2024 17:25:30.103,697542,BM2V220 @312948,91004,3C0183013F03,316,387,831
23/04/2024 17:25:30.163,697601,BM2V220 @312948,91011,8B0186013803,395,390,824
23/04/2024 17:25:30.192,697630,BM2V220 @312948,91017,D101BE015003,465,446,848
23/04/2024 17:25:30.254,697693,BM2V220 @312948,91023,C80188014403,456,392,836
23/04/2024 17:25:30.312,697751,BM2V220 @312948,91029,E701A8013C03,487,424,828
23/04/2024 17:25:30.342,697780,BM2V220 @312948,91036,C701D3004D03,455,211,845
23/04/2024 17:25:30.403,697841,BM2V220 @312948,91042,D9014C012F03,473,332,815
23/04/2024 17:25:30.463,697901,BM2V220 @312948,91048,E50102015703,485,258,855
23/04/2024 17:25:30.491,697930,BM2V220 @312948,91054,DA01B2009F03,474,178,927
23/04/2024 17:25:30.554,697993,BM2V220 @312948,91061,DA01E6007703,474,230,887
23/04/2024 17:25:30.613,698051,BM2V220 @312948,91067,C8017F008403,456,127,900
23/04/2024 17:25:30.644,698082,BM2V220 @312948,91073,BF0151007E03,447,81,894
23/04/2024 17:25:30.702,698141,BM2V220 @312948,91079,CB016B009203,459,107,914
23/04/2024 17:25:30.762,698200,BM2V220 @312948,91086,C30195006703,451,149,871
23/04/2024 17:25:30.793,698231,BM2V220 @312948,91092,C50159007B03,453,89,891
23/04/2024 17:25:30.853,698292,BM2V220 @312948,91098,C70190007E03,455,144,894
23/04/2024 17:25:30.942,698381,BM2V220 @312948,91104,C70138007F03,455,56,895
23/04/2024 17:25:30.946,698384,BM2V220 @312948,91111,D9017A009803,473,122,920
23/04/2024 17:25:31.002,698441,BM2V220 @312948,91117,C6014E008C03,454,78,908
23/04/2024 17:25:31.063,698502,BM2V220 @312948,91123,C60147008C03,454,71,908
23/04/2024 17:25:31.092,698531,BM2V220 @312948,91129,CB014F007F03,459,79,895
23/04/2024 17:25:31.153,698592,BM2V220 @312948,91136,D70164008103,471,100,897
23/04/2024 17:25:31.213,698651,BM2V220 @312948,91142,CF0147008A03,463,71,906
23/04/2024 17:25:31.242,698680,BM2V220 @312948,91148,D90159008703,473,89,903
23/04/2024 17:25:31.303,698742,BM2V220 @312948,91154,C50146007403,453,70,884
23/04/2024 17:25:31.363,698802,BM2V220 @312948,91161,DA0162009303,474,98,915
23/04/2024 17:25:31.394,698833,BM2V220 @312948,91167,DD0158009403,477,88,916
23/04/2024 17:25:31.453,698891,BM2V220 @312948,91173,1B026E00B703,539,110,951
23/04/2024 17:25:31.513,698952,BM2V220 @312948,91179,53022701FA03,595,295,1018
23/04/2024 17:25:31.542,698980,BM2V220 @312948,91186,4F011201BC03,335,274,956
23/04/2024 17:25:31.603,699041,BM2V220 @312948,91192,B9000101F903,185,257,1017
23/04/2024 17:25:31.663,699101,BM2V220 @312948,91198,F2FF54009903,-14,84,921
23/04/2024 17:25:31.694,699132,BM2V220 @312948,91204,5800E4FFB103,88,-28,945
23/04/2024 17:25:31.755,699193,BM2V220 @312948,91211,DA0077000503,218,119,773
23/04/2024 17:25:31.813,699251,BM2V220 @312948,91217,AC0107FF4003,428,-249,832
23/04/2024 17:25:31.842,699280,BM2V220 @312948,91223,8A02EBFE7E03,650,-277,894
23/04/2024 17:25:31.903,699342,BM2V220 @312948,91229,0F03FFFF4A03,783,-1,842
23/04/2024 17:25:31.963,699401,BM2V220 @312948,91236,FE024000C902,766,64,713
23/04/2024 17:25:31.992,699430,BM2V220 @312948,91242,7002B300B202,624,179,690
23/04/2024 17:25:32.053,699492,BM2V220 @312948,91248,91027A007403,657,122,884
23/04/2024 17:25:32.143,699581,BM2V220 @312948,91254,37029C00BE03,567,156,958
23/04/2024 17:25:32.146,699584,BM2V220 @312948,91261,7802F9006C03,632,249,876
23/04/2024 17:25:32.203,699642,BM2V220 @312948,91267,750284FFCD02,629,-124,717
23/04/2024 17:25:32.265,699703,BM2V220 @312948,91273,8402D8FFB602,644,-40,694
23/04/2024 17:25:32.295,699733,BM2V220 @312948,91279,CA028AFFC903,714,-118,969
23/04/2024 17:25:32.354,699792,BM2V220 @312948,91286,D80279FF1804,728,-135,1048
23/04/2024 17:25:32.413,699851,BM2V220 @312948,91292,710248FF1B04,625,-184,1051
23/04/2024 17:25:32.444,699883,BM2V220 @312948,91298,0A0229009C03,522,41,924
23/04/2024 17:25:32.503,699941,BM2V220 @312948,91304,46013401F902,326,308,761
23/04/2024 17:25:32.563,700001,BM2V220 @312948,91311,D200C7010D02,210,455,525
23/04/2024 17:25:32.593,700032,BM2V220 @312948,91317,6400B702CF01,100,695,463
23/04/2024 17:25:32.654,700092,BM2V220 @312948,91323,4E00EA024401,78,746,324
23/04/2024 17:25:32.714,700152,BM2V220 @312948,91329,6B00D3036C01,107,979,364
23/04/2024 17:25:32.742,700181,BM2V220 @312948,91336,6C00A9030401,108,937,260
23/04/2024 17:25:32.833,700272,BM2V220 @312948,91342,C500A9039A01,197,937,410
23/04/2024 17:25:32.864,700302,BM2V220 @312948,91348,D8005B03AA01,216,859,426
23/04/2024 17:25:32.893,700332,BM2V220 @312948,91354,EC009802D301,236,664,467
23/04/2024 17:25:32.953,700391,BM2V220 @312948,91361,4C01A4033302,332,932,563
23/04/2024 17:25:33.013,700452,BM2V220 @312948,91367,6F017F024302,367,639,579
23/04/2024 17:25:33.043,700481,BM2V220 @312948,91373,B30186033A02,435,902,570
23/04/2024 17:25:33.103,700541,BM2V220 @312948,91379,D4019E026502,468,670,613
23/04/2024 17:25:33.163,700602,BM2V220 @312948,91386,E9014E028B02,489,590,651
23/04/2024 17:25:33.193,700631,BM2V220 @312948,91392,FD012602B102,509,550,689
23/04/2024 17:25:33.253,700692,BM2V220 @312948,91398,E1016202AC02,481,610,684
23/04/2024 17:25:33.344,700783,BM2V220 @312948,91404,CE01BD01C102,462,445,705
23/04/2024 17:25:33.344,700783,BM2V220 @312948,91411,E2010302E102,482,515,737
23/04/2024 17:25:33.403,700841,BM2V220 @312948,91417,EC010802F002,492,520,752
23/04/2024 17:25:33.464,700902,BM2V220 @312948,91423,E101C501EF02,481,453,751
23/04/2024 17:25:33.496,700934,BM2V220 @312948,91429,DC018F010003,476,399,768
23/04/2024 17:25:33.553,700992,BM2V220 @312948,91436,D40187010503,468,391,773
23/04/2024 17:25:33.614,701053,BM2V220 @312948,91442,DF019D010C03,479,413,780
23/04/2024 17:25:33.645,701083,BM2V220 @312948,91448,E1018C012003,481,396,800
23/04/2024 17:25:33.703,701142,BM2V220 @312948,91454,CE016F011C03,462,367,796
23/04/2024 17:25:33.764,701202,BM2V220 @312948,91461,CE017F012C03,462,383,812
23/04/2024 17:25:33.795,701233,BM2V220 @312948,91467,D4013D013D03,468,317,829
23/04/2024 17:25:33.883,701322,BM2V220 @312948,91473,E0018C012D03,480,396,813
23/04/2024 17:25:33.913,701351,BM2V220 @312948,91479,DB012E014A03,475,302,842
23/04/2024 17:25:33.944,701382,BM2V220 @312948,91486,D30138014403,467,312,836
23/04/2024 17:25:34.034,701472,BM2V220 @312948,91492,E8015F014703,488,351,839
23/04/2024 17:25:34.065,701504,BM2V220 @312948,91498,DA0136014103,474,310,833
23/04/2024 17:25:34.095,701534,BM2V220 @312948,91504,E30159014D03,483,345,845
23/04/2024 17:25:34.154,701592,BM2V220 @312948,91511,F20147013403,498,327,820
23/04/2024 17:25:34.214,701653,BM2V220 @312948,91517,D7013C013803,471,316,824
23/04/2024 17:25:34.249,701687,BM2V220 @312948,91523,F4014E014D03,500,334,845
23/04/2024 17:25:34.304,701742,BM2V220 @312948,91529,EB010D013803,491,269,824
23/04/2024 17:25:34.363,701802,BM2V220 @312948,91536,F30180016703,499,384,871
23/04/2024 17:25:34.394,701832,BM2V220 @312948,91542,E60117023903,486,535,825
23/04/2024 17:25:34.453,701892,BM2V220 @312948,91548,7501B302E802,373,691,744
23/04/2024 17:25:34.514,701952,BM2V220 @312948,91554,080108013903,264,264,825
23/04/2024 17:25:34.545,701983,BM2V220 @312948,91561,53012A016A03,339,298,874
23/04/2024 17:25:34.604,702042,BM2V220 @312948,91567,97016300EE02,407,99,750
23/04/2024 17:25:34.663,702101,BM2V220 @312948,91573,270236011203,551,310,786
23/04/2024 17:25:34.694,702132,BM2V220 @312948,91579,4E02FF00A803,590,255,936
23/04/2024 17:25:34.754,702192,BM2V220 @312948,91586,52021E015603,594,286,854
23/04/2024 17:25:34.814,702252,BM2V220 @312948,91592,0A026201BF02,522,354,703
23/04/2024 17:25:34.842,702281,BM2V220 @312948,91598,170278019102,535,376,657
23/04/2024 17:25:34.904,702342,BM2V220 @312948,91604,19028201D502,537,386,725
23/04/2024 17:25:34.963,702401,BM2V220 @312948,91611,39024901DE02,569,329,734
23/04/2024 17:25:34.996,702434,BM2V220 @312948,91617,F60297007703,758,151,887
23/04/2024 17:25:35.054,702492,BM2V220 @312948,91623,B702ED007003,695,237,880
23/04/2024 17:25:35.114,702552,BM2V220 @312948,91629,4E027E009203,590,126,914
23/04/2024 17:25:35.144,702583,BM2V220 @312948,91636,A001A8004403,416,168,836
23/04/2024 17:25:35.204,702642,BM2V220 @312948,91642,5E018A003E03,350,138,830
23/04/2024 17:25:35.264,702702,BM2V220 @312948,91648,1E01C801F702,286,456,759
23/04/2024 17:25:35.295,702734,BM2V220 @312948,91654,F000B1010803,240,433,776
23/04/2024 17:25:35.355,702793,BM2V220 @312948,91661,1701F8011F03,279,504,799
23/04/2024 17:25:35.414,702852,BM2V220 @312948,91667,FC001C020803,252,540,776
23/04/2024 17:25:35.444,702882,BM2V220 @312948,91673,3B01DE013403,315,478,820
23/04/2024 17:25:35.504,702943,BM2V220 @312948,91679,3801FA014F03,312,506,847
23/04/2024 17:25:35.566,703005,BM2V220 @312948,91686,350120024303,309,544,835
23/04/2024 17:25:35.597,703035,BM2V220 @312948,91692,2701AC013303,295,428,819
23/04/2024 17:25:35.655,703094,BM2V220 @312948,91698,680100024B03,360,512,843
23/04/2024 17:25:35.714,703152,BM2V220 @312948,91704,750182012103,373,386,801
23/04/2024 17:25:35.746,703185,BM2V220 @312948,91711,C201BC013F03,450,444,831
23/04/2024 17:25:35.804,703243,BM2V220 @312948,91717,E10102021F03,481,514,799
23/04/2024 17:25:35.864,703302,BM2V220 @312948,91723,DC01C4011D03,476,452,797
23/04/2024 17:25:35.893,703331,BM2V220 @312948,91729,C60192011903,454,402,793
23/04/2024 17:25:35.954,703392,BM2V220 @312948,91736,C901A4012803,457,420,808
23/04/2024 17:25:36.013,703452,BM2V220 @312948,91742,C1014F015B03,449,335,859
23/04/2024 17:25:36.044,703482,BM2V220 @312948,91748,BE016E017703,446,366,887
23/04/2024 17:25:36.104,703542,BM2V220 @312948,91754,C40162015B03,452,354,859
23/04/2024 17:25:36.164,703603,BM2V220 @312948,91761,B90123015103,441,291,849
23/04/2024 17:25:36.193,703631,BM2V220 @312948,91767,B801F1004D03,440,241,845
23/04/2024 17:25:36.256,703695,BM2V220 @312948,91773,B101FE005403,433,254,852
23/04/2024 17:25:36.314,703753,BM2V220 @312948,91779,C0011A016E03,448,282,878
23/04/2024 17:25:36.344,703782,BM2V220 @312948,91786,B201F1006A03,434,241,874
23/04/2024 17:25:36.404,703843,BM2V220 @312948,91792,BD011C016B03,445,284,875
23/04/2024 17:25:36.464,703903,BM2V220 @312948,91798,BE01EE006A03,446,238,874
23/04/2024 17:25:36.494,703932,BM2V220 @312948,91804,BE01E9006903,446,233,873
23/04/2024 17:25:36.556,703994,BM2V220 @312948,91811,CA01EA007303,458,234,883
23/04/2024 17:25:36.616,704055,BM2V220 @312948,91817,C401EA006603,452,234,870
23/04/2024 17:25:36.646,704084,BM2V220 @312948,91823,CA01EA007303,458,234,883
23/04/2024 17:25:36.703,704141,BM2V220 @312948,91829,BA01C5007303,442,197,883
23/04/2024 17:25:36.764,704202,BM2V220 @312948,91836,B601D9007B03,438,217,891
23/04/2024 17:25:36.824,704263,BM2V220 @312948,91842,B401BF007803,436,191,888
23/04/2024 17:25:36.856,704294,BM2V220 @312948,91848,B601E1007F03,438,225,895
23/04/2024 17:25:36.914,704353,BM2V220 @312948,91854,BF01E4006B03,447,228,875
23/04/2024 17:25:36.943,704381,BM2V220 @312948,91861,CB01E9007603,459,233,886
23/04/2024 17:25:37.004,704442,BM2V220 @312948,91867,F70103019003,503,259,912
23/04/2024 17:25:37.064,704502,BM2V220 @312948,91873,CD015B004503,461,91,837
23/04/2024 17:25:37.094,704532,BM2V220 @312948,91879,BF01FD00EE03,447,253,1006
23/04/2024 17:25:37.154,704592,BM2V220 @312948,91886,46018401E703,326,388,999
23/04/2024 17:25:37.213,704652,BM2V220 @312948,91892,B900D2004B03,185,210,843
23/04/2024 17:25:37.244,704682,BM2V220 @312948,91898,2601D0012003,294,464,800
23/04/2024 17:25:37.304,704743,BM2V220 @312948,91904,4701D8FF6E03,327,-40,878
23/04/2024 17:25:37.364,704802,BM2V220 @312948,91911,D4015000A203,468,80,930
23/04/2024 17:25:37.395,704833,BM2V220 @312948,91917,19023500DC03,537,53,988
23/04/2024 17:25:37.454,704893,BM2V220 @312948,91923,26025D000A04,550,93,1034
23/04/2024 17:25:37.514,704953,BM2V220 @312948,91929,DC01C4003503,476,196,821
23/04/2024 17:25:37.543,704981,BM2V220 @312948,91936,AD0153001603,429,83,790
23/04/2024 17:25:37.604,705043,BM2V220 @312948,91942,CC01B1007503,460,177,885
23/04/2024 17:25:37.666,705104,BM2V220 @312948,91948,0602AC010203,518,428,770
23/04/2024 17:25:37.696,705135,BM2V220 @312948,91954,0A02B900E802,522,185,744
23/04/2024 17:25:37.754,705193,BM2V220 @312948,91961,480247004503,584,71,837
23/04/2024 17:25:37.814,705253,BM2V220 @312948,91967,B602BE000C04,694,190,1036
23/04/2024 17:25:37.843,705281,BM2V220 @312948,91973,220200011604,546,256,1046
23/04/2024 17:25:37.904,705343,BM2V220 @312948,91979,5001B200BB03,336,178,955
23/04/2024 17:25:37.964,705403,BM2V220 @312948,91986,1E011F018C03,286,287,908
23/04/2024 17:25:37.994,705432,BM2V220 @312948,91992,CB008A01C702,203,394,711
23/04/2024 17:25:38.054,705493,BM2V220 @312948,91998,AC00D401CC02,172,468,716
23/04/2024 17:25:38.114,705552,BM2V220 @312948,92004,8000A901CE02,128,425,718
23/04/2024 17:25:38.144,705583,BM2V220 @312948,92011,AE004F029A02,174,591,666
23/04/2024 17:25:38.204,705643,BM2V220 @312948,92017,E6000902DF02,230,521,735
23/04/2024 17:25:38.264,705703,BM2V220 @312948,92023,1B01E0020303,283,736,771
23/04/2024 17:25:38.294,705732,BM2V220 @312948,92029,FA00F6010403,250,502,772
23/04/2024 17:25:38.355,705793,BM2V220 @312948,92036,4001AF025703,320,687,855
23/04/2024 17:25:38.414,705853,BM2V220 @312948,92042,1E01A2012803,286,418,808
23/04/2024 17:25:38.443,705882,BM2V220 @312948,92048,8B0125026503,395,549,869
23/04/2024 17:25:38.504,705943,BM2V220 @312948,92054,9801F9015F03,408,505,863
23/04/2024 17:25:38.564,706003,BM2V220 @312948,92061,8F0169016E03,399,361,878
23/04/2024 17:25:38.594,706032,BM2V220 @312948,92067,A2014C014703,418,332,839
23/04/2024 17:25:38.655,706093,BM2V220 @312948,92073,B80127015D03,440,295,861
23/04/2024 17:25:38.714,706153,BM2V220 @312948,92079,AF0106016703,431,262,871
23/04/2024 17:25:38.743,706182,BM2V220 @312948,92086,A801D2007603,424,210,886
23/04/2024 17:25:38.804,706243,BM2V220 @312948,92092,9D01EB007F03,413,235,895
23/04/2024 17:25:38.864,706303,BM2V220 @312948,92098,A501C0008503,421,192,901
23/04/2024 17:25:38.896,706334,BM2V220 @312948,92104,9701AD009603,407,173,918
23/04/2024 17:25:38.954,706392,BM2V220 @312948,92111,A401DA007D03,420,218,893
23/04/2024 17:25:39.015,706453,BM2V220 @312948,92117,A0016700A803,416,103,936
23/04/2024 17:25:39.044,706483,BM2V220 @312948,92123,A2018200AD03,418,130,941
23/04/2024 17:25:39.105,706543,BM2V220 @312948,92129,99017A00A603,409,122,934
23/04/2024 17:25:39.165,706603,BM2V220 @312948,92136,96017E008A03,406,126,906
23/04/2024 17:25:39.196,706635,BM2V220 @312948,92142,94018E008603,404,142,902
23/04/2024 17:25:39.255,706693,BM2V220 @312948,92148,9F016300AB03,415,99,939
23/04/2024 17:25:39.315,706753,BM2V220 @312948,92154,A8016F00A703,424,111,935
23/04/2024 17:25:39.345,706783,BM2V220 @312948,92161,A7017E00A703,423,126,935
23/04/2024 17:25:39.405,706843,BM2V220 @312948,92167,A0016800A203,416,104,930
23/04/2024 17:25:39.465,706903,BM2V220 @312948,92173,A4016F009603,420,111,918
23/04/2024 17:25:39.495,706933,BM2V220 @312948,92179,A80162009203,424,98,914
23/04/2024 17:25:39.555,706993,BM2V220 @312948,92186,A6015D00A103,422,93,929
23/04/2024 17:25:39.615,707053,BM2V220 @312948,92192,A5017B009A03,421,123,922
23/04/2024 17:25:39.646,707085,BM2V220 @312948,92198,A3014B00A903,419,75,937
23/04/2024 17:25:39.704,707143,BM2V220 @312948,92204,910157009303,401,87,915
23/04/2024 17:25:39.765,707203,BM2V220 @312948,92211,8B0147009003,395,71,912
23/04/2024 17:25:39.794,707232,BM2V220 @312948,92217,99014C00BD03,409,76,957
23/04/2024 17:25:39.855,707293,BM2V220 @312948,92223,B3017B00A703,435,123,935
23/04/2024 17:25:39.915,707353,BM2V220 @312948,92229,9F017200AE03,415,114,942
23/04/2024 17:25:39.977,707415,BM2V220 @312948,92236,FE01B200FD03,510,178,1021
23/04/2024 17:25:40.035,707473,BM2V220 @312948,92242,F4014301F203,500,323,1010
23/04/2024 17:25:40.065,707503,BM2V220 @312948,92248,7B019A012E03,379,410,814
23/04/2024 17:25:40.095,707533,BM2V220 @312948,92254,2D010101B702,301,257,695
23/04/2024 17:25:40.155,707593,BM2V220 @312948,92261,3A01A6017902,314,422,633
23/04/2024 17:25:40.215,707653,BM2V220 @312948,92267,020199FF4903,258,-103,841
23/04/2024 17:25:40.244,707682,BM2V220 @312948,92273,500297017605,592,407,1398
23/04/2024 17:25:40.305,707743,BM2V220 @312948,92279,9D01DA004204,413,218,1090
23/04/2024 17:25:40.364,707803,BM2V220 @312948,92286,5401D9FFBC03,340,-39,956
23/04/2024 17:25:40.394,707833,BM2V220 @312948,92292,D7012C019303,471,300,915
23/04/2024 17:25:40.455,707893,BM2V220 @312948,92298,A3012601FD02,419,294,765
23/04/2024 17:25:40.515,707953,BM2V220 @312948,92304,E501FA010303,485,506,771
23/04/2024 17:25:40.544,707982,BM2V220 @312948,92311,DB01A101FF02,475,417,767
23/04/2024 17:25:40.604,708043,BM2V220 @312948,92317,F20182010303,498,386,771
23/04/2024 17:25:40.665,708103,BM2V220 @312948,92323,EA013A01D202,490,314,722
23/04/2024 17:25:40.695,708133,BM2V220 @312948,92329,FB0172FFBC03,507,-142,956
23/04/2024 17:25:40.755,708194,BM2V220 @312948,92336,94023300BC03,660,51,956
23/04/2024 17:25:40.815,708254,BM2V220 @312948,92342,37025A00CF03,567,90,975
23/04/2024 17:25:40.844,708282,BM2V220 @312948,92348,61014F008303,353,79,899
23/04/2024 17:25:40.905,708343,BM2V220 @312948,92354,3C016F00DE03,316,111,990
23/04/2024 17:25:40.965,708404,BM2V220 @312948,92361,E2004B014803,226,331,840
23/04/2024 17:25:40.994,708433,BM2V220 @312948,92367,F1000E02EC02,241,526,748
23/04/2024 17:25:41.055,708493,BM2V220 @312948,92373,0901BE015103,265,446,849
23/04/2024 17:25:41.114,708553,BM2V220 @312948,92379,01018D02B602,257,653,694
23/04/2024 17:25:41.145,708583,BM2V220 @312948,92386,3B01F501E402,315,501,740
23/04/2024 17:25:41.205,708643,BM2V220 @312948,92392,56014B02E302,342,587,739
23/04/2024 17:25:41.265,708703,BM2V220 @312948,92398,7701FC011603,375,508,790
23/04/2024 17:25:41.295,708733,BM2V220 @312948,92404,A30117021803,419,535,792
23/04/2024 17:25:41.355,708793,BM2V220 @312948,92411,8E0191013803,398,401,824
23/04/2024 17:25:41.414,708853,BM2V220 @312948,92417,76016A014F03,374,362,847
23/04/2024 17:25:41.445,708883,BM2V220 @312948,92423,940138015D03,404,312,861
23/04/2024 17:25:41.505,708943,BM2V220 @312948,92429,BD012E017703,445,302,887
23/04/2024 17:25:41.565,709003,BM2V220 @312948,92436,DA012C016B03,474,300,875
23/04/2024 17:25:41.594,709032,BM2V220 @312948,92442,B701FE006103,439,254,865
23/04/2024 17:25:41.656,709094,BM2V220 @312948,92448,9D0104017E03,413,260,894
23/04/2024 17:25:41.715,709153,BM2V220 @312948,92454,7601F6005E03,374,246,862
23/04/2024 17:25:41.745,709183,BM2V220 @312948,92461,840107015A03,388,263,858
23/04/2024 17:25:41.805,709243,BM2V220 @312948,92467,AE0139017503,430,313,885
23/04/2024 17:25:41.866,709304,BM2V220 @312948,92473,BF013B016A03,447,315,874
23/04/2024 17:25:41.894,709332,BM2V220 @312948,92479,BC0146016103,444,326,865
23/04/2024 17:25:41.955,709393,BM2V220 @312948,92486,B60119015903,438,281,857
23/04/2024 17:25:42.015,709454,BM2V220 @312948,92492,C70131017503,455,305,885
23/04/2024 17:25:42.044,709482,BM2V220 @312948,92498,CC01FF004F03,460,255,847
23/04/2024 17:25:42.107,709545,BM2V220 @312948,92504,EF013D017203,495,317,882
23/04/2024 17:25:42.165,709604,BM2V220 @312948,92511,CF0141014403,463,321,836
23/04/2024 17:25:42.194,709632,BM2V220 @312948,92517,BF0109015203,447,265,850
23/04/2024 17:25:42.255,709693,BM2V220 @312948,92523,B8013B014803,440,315,840
23/04/2024 17:25:42.316,709755,BM2V220 @312948,92529,B00132014303,432,306,835
23/04/2024 17:25:42.344,709782,BM2V220 @312948,92536,C20134015803,450,308,856
23/04/2024 17:25:42.405,709844,BM2V220 @312948,92542,C20128015503,450,296,853
23/04/2024 17:25:42.465,709904,BM2V220 @312948,92548,D20139015303,466,313,851
23/04/2024 17:25:42.494,709932,BM2V220 @312948,92554,D70129015003,471,297,848
23/04/2024 17:25:42.586,710025,BM2V220 @312948,92561,D50125015303,469,293,851
23/04/2024 17:25:42.614,710052,BM2V220 @312948,92567,C60105012603,454,261,806
23/04/2024 17:25:42.646,710084,BM2V220 @312948,92573,E6011A017403,486,282,884
23/04/2024 17:25:42.705,710143,BM2V220 @312948,92579,F1011C016703,497,284,871
23/04/2024 17:25:42.765,710204,BM2V220 @312948,92586,5C0239019F03,604,313,927
23/04/2024 17:25:42.794,710233,BM2V220 @312948,92592,ED01FC008303,493,252,899
23/04/2024 17:25:42.855,710293,BM2V220 @312948,92598,E00187007103,480,135,881
23/04/2024 17:25:42.915,710353,BM2V220 @312948,92604,E90173005303,489,115,851
23/04/2024 17:25:42.945,710383,BM2V220 @312948,92611,04021401DE02,516,276,734
23/04/2024 17:25:43.005,710444,BM2V220 @312948,92617,AC016A015B02,428,362,603
23/04/2024 17:25:43.065,710504,BM2V220 @312948,92623,7401D0014502,372,464,581
23/04/2024 17:25:43.098,710536,BM2V220 @312948,92629,8301FD01AA02,387,509,682
23/04/2024 17:25:43.154,710593,BM2V220 @312948,92636,86014E02A302,390,590,675
23/04/2024 17:25:43.216,710654,BM2V220 @312948,92642,6E0107022503,366,519,805
23/04/2024 17:25:43.244,710683,BM2V220 @312948,92648,BA01F001DA03,442,496,986
23/04/2024 17:25:43.305,710744,BM2V220 @312948,92654,660157017303,358,343,883
23/04/2024 17:25:43.366,710804,BM2V220 @312948,92661,6A012A01AF03,362,298,943
23/04/2024 17:25:43.397,710836,BM2V220 @312948,92667,6D0150018B03,365,336,907
23/04/2024 17:25:43.455,710893,BM2V220 @312948,92673,AC01FE00B104,428,254,1201
23/04/2024 17:25:43.515,710954,BM2V220 @312948,92679,D801E7FFC902,472,-25,713
23/04/2024 17:25:43.545,710983,BM2V220 @312948,92686,B70232018A02,695,306,650
23/04/2024 17:25:43.605,711044,BM2V220 @312948,92692,4A02F0001003,586,240,784
23/04/2024 17:25:43.666,711104,BM2V220 @312948,92698,330236011003,563,310,784
23/04/2024 17:25:43.696,711134,BM2V220 @312948,92704,60021201FC02,608,274,764
23/04/2024 17:25:43.755,711193,BM2V220 @312948,92711,51020C01FB02,593,268,763
23/04/2024 17:25:43.816,711254,BM2V220 @312948,92717,370227010703,567,295,775
23/04/2024 17:25:43.850,711288,BM2V220 @312948,92723,490218010203,585,280,770
23/04/2024 17:25:43.905,711344,BM2V220 @312948,92729,4A023C01F302,586,316,755
23/04/2024 17:25:43.965,711404,BM2V220 @312948,92736,53024201E102,595,322,737
23/04/2024 17:25:43.996,711435,BM2V220 @312948,92742,4F024701EA02,591,327,746
23/04/2024 17:25:44.055,711494,BM2V220 @312948,92748,32024D01F402,562,333,756
23/04/2024 17:25:44.115,711553,BM2V220 @312948,92754,2A0250010703,554,336,775
23/04/2024 17:25:44.147,711585,BM2V220 @312948,92761,1E024E010F03,542,334,783
23/04/2024 17:25:44.205,711643,BM2V220 @312948,92767,1B024C011603,539,332,790
23/04/2024 17:25:44.266,711704,BM2V220 @312948,92773,1E024B010E03,542,331,782
23/04/2024 17:25:44.297,711735,BM2V220 @312948,92779,1C025A010B03,540,346,779
23/04/2024 17:25:44.355,711794,BM2V220 @312948,92786,230257010103,547,343,769
23/04/2024 17:25:44.417,711856,BM2V220 @312948,92792,30025201FC02,560,338,764
23/04/2024 17:25:44.447,711885,BM2V220 @312948,92798,2A024D010103,554,333,769
23/04/2024 17:25:44.507,711945,BM2V220 @312948,92804,33025601FB02,563,342,763
23/04/2024 17:25:44.566,712004,BM2V220 @312948,92811,2F025701FB02,559,343,763
23/04/2024 17:25:44.597,712035,BM2V220 @312948,92817,30025601FF02,560,342,767
23/04/2024 17:25:44.656,712094,BM2V220 @312948,92823,2E024F01FE02,558,335,766
23/04/2024 17:25:44.715,712154,BM2V220 @312948,92829,2A0254010003,554,340,768
23/04/2024 17:25:44.747,712185,BM2V220 @312948,92836,2F025201FC02,559,338,764
23/04/2024 17:25:44.807,712246,BM2V220 @312948,92842,2A025901FD02,554,345,765
23/04/2024 17:25:44.865,712304,BM2V220 @312948,92848,2A025A01FD02,554,346,765
23/04/2024 17:25:44.895,712334,BM2V220 @312948,92854,250258010403,549,344,772
23/04/2024 17:25:44.956,712394,BM2V220 @312948,92861,250255010303,549,341,771
23/04/2024 17:25:45.015,712453,BM2V220 @312948,92867,240254010603,548,340,774
23/04/2024 17:25:45.045,712483,BM2V220 @312948,92873,230256010503,547,342,773
23/04/2024 17:25:45.106,712544,BM2V220 @312948,92879,280258010203,552,344,770
23/04/2024 17:25:45.165,712604,BM2V220 @312948,92886,250254010603,549,340,774
23/04/2024 17:25:45.195,712633,BM2V220 @312948,92892,230255010403,547,341,772
23/04/2024 17:25:45.255,712693,BM2V220 @312948,92898,290250010403,553,336,772
23/04/2024 17:25:45.315,712753,BM2V220 @312948,92904,2B0253010003,555,339,768
23/04/2024 17:25:45.347,712785,BM2V220 @312948,92911,2F0253010003,559,339,768
23/04/2024 17:25:45.405,712844,BM2V220 @312948,92917,31025201FE02,561,338,766
23/04/2024 17:25:45.465,712904,BM2V220 @312948,92923,34025601FC02,564,342,764
23/04/2024 17:25:45.496,712934,BM2V220 @312948,92929,33024F01FC02,563,335,764
23/04/2024 17:25:45.586,713025,BM2V220 @312948,92936,33025001FE02,563,336,766
23/04/2024 17:25:45.617,713055,BM2V220 @312948,92942,2E0247010103,558,327,769
23/04/2024 17:25:45.647,713085,BM2V220 @312948,92948,2E024C010403,558,332,772
23/04/2024 17:25:45.715,713153,BM2V220 @312948,92954,300247010203,560,327,770
23/04/2024 17:25:45.765,713203,BM2V220 @312948,92961,2C0252010103,556,338,769
23/04/2024 17:25:45.795,713233,BM2V220 @312948,92967,260248010703,550,328,775
23/04/2024 17:25:45.856,713294,BM2V220 @312948,92973,2D0248010803,557,328,776
23/04/2024 17:25:45.947,713386,BM2V220 @312948,92986,27024B010903,551,331,777
23/04/2024 17:25:45.947,713387,BM2V220 @312948,92979,2A0248010603,554,328,774
23/04/2024 17:25:46.006,713445,BM2V220 @312948,92992,2C0249010303,556,329,771
23/04/2024 17:25:46.067,713506,BM2V220 @312948,92998,310246010403,561,326,772
23/04/2024 17:25:46.098,713537,BM2V220 @312948,93004,2B024E010203,555,334,770
23/04/2024 17:25:46.155,713593,BM2V220 @312948,93011,2F024A010303,559,330,771
23/04/2024 17:25:46.216,713654,BM2V220 @312948,93017,2D0245010403,557,325,772
23/04/2024 17:25:46.244,713683,BM2V220 @312948,93023,2D0247010503,557,327,773
23/04/2024 17:25:46.306,713745,BM2V220 @312948,93029,2D0245010203,557,325,770
23/04/2024 17:25:46.366,713804,BM2V220 @312948,93036,320248010103,562,328,769
23/04/2024 17:25:46.398,713836,BM2V220 @312948,93042,2C0248010303,556,328,771
23/04/2024 17:25:46.459,713898,BM2V220 @312948,93048,2F0246010303,559,326,771
23/04/2024 17:25:46.518,713956,BM2V220 @312948,93054,2E0245010303,558,325,771
23/04/2024 17:25:46.547,713985,BM2V220 @312948,93061,2A0247010803,554,327,776
23/04/2024 17:25:46.608,714046,BM2V220 @312948,93067,280247010603,552,327,774
23/04/2024 17:25:46.666,714104,BM2V220 @312948,93073,2D0245010703,557,325,775
23/04/2024 17:25:46.696,714134,BM2V220 @312948,93079,280249010603,552,329,774
23/04/2024 17:25:46.756,714194,BM2V220 @312948,93086,260249010703,550,329,775
23/04/2024 17:25:46.816,714255,BM2V220 @312948,93092,2A0244010603,554,324,774
23/04/2024 17:25:46.845,714284,BM2V220 @312948,93098,270245010903,551,325,777
